userid	user	pageid	revid	parentid	ns	title	timestamp	top	comment	parsedcomment	size	sizediff	tags	minor	new	timedate	date	label_en	label_de
5418103	Removena	104094596	1659643085	1659642314	0	Q108865069	2022-06-13T14:27:33Z		/* wbsetclaim-create:2||1 */ [[Property:P18]]: World League for Sexual Reform conference B.jpg	"‎<span dir=""auto""><span class=""autocomment"">Created claim: </span></span> <a href=""/wiki/Property:P18"" title=""Property:P18"">Property:P18</a>: World League for Sexual Reform conference B.jpg"	5517	386		NA	NA	2022-06-13T14:27:33Z	2022-06-13	Li Shiu Tong	Li Shiu Tong
5418103	Removena	104094596	1659642314	1656703333	0	Q108865069	2022-06-13T14:26:20Z	NA	/* wbsetlabel-add:1|de */ Li Shiu Tong	"‎<span dir=""auto""><span class=""autocomment"">Added [de] label: </span></span> Li Shiu Tong"	5131	71		NA	NA	2022-06-13T14:26:20Z	2022-06-13	Li Shiu Tong	Li Shiu Tong
5418103	Removena	4246474	1657715356	1657715349	0	Q4115189	2022-06-10T09:50:01Z	NA	/* wbcreateclaim-create:1| */ [[Property:P101]]: [[Q125928]], #quickstatements; #temporary_batch_1654854582576	"‎<span dir=""auto""><span class=""autocomment"">Created claim: </span></span> <a href=""/wiki/Property:P101"" title=""Property:P101"">Property:P101</a>: <a href=""/wiki/Q125928"" title=""Q125928"">Q125928</a>, #quickstatements; #temporary_batch_1654854582576"	22270	429		NA	NA	2022-06-10T09:50:01Z	2022-06-10	Wikidata Sandbox	Wikidata-Spielwiese
5418103	Removena	4246474	1657715349	1657715345	0	Q4115189	2022-06-10T09:50:00Z	NA	/* wbcreateclaim-create:1| */ [[Property:P131]]: [[Q869]], #quickstatements; #temporary_batch_1654854582576	"‎<span dir=""auto""><span class=""autocomment"">Created claim: </span></span> <a href=""/wiki/Property:P131"" title=""Property:P131"">Property:P131</a>: <a href=""/wiki/Q869"" title=""Q869"">Q869</a>, #quickstatements; #temporary_batch_1654854582576"	21841	423		NA	NA	2022-06-10T09:50:00Z	2022-06-10	Wikidata Sandbox	Wikidata-Spielwiese
5418103	Removena	4246474	1657715345	1657649647	0	Q4115189	2022-06-10T09:50:00Z	NA	/* wbcreateclaim-create:1| */ [[Property:P31]]: [[Q5]], #quickstatements; #temporary_batch_1654854582576	"‎<span dir=""auto""><span class=""autocomment"">Created claim: </span></span> <a href=""/wiki/Property:P31"" title=""Property:P31"">Property:P31</a>: <a href=""/wiki/Q5"" title=""Q5"">Q5</a>, #quickstatements; #temporary_batch_1654854582576"	21418	401		NA	NA	2022-06-10T09:50:00Z	2022-06-10	Wikidata Sandbox	Wikidata-Spielwiese
5418103	Removena	94890108	1649250060	1552556526	0	Q96112790	2022-05-28T16:38:25Z		/* wbsetclaim-create:2||1 */ [[Property:P91]]: [[Q6636]]	"‎<span dir=""auto""><span class=""autocomment"">Created claim: </span></span> <a href=""/wiki/Property:P91"" title=""Property:P91"">Property:P91</a>: <a href=""/wiki/Q6636"" title=""Q6636"">Q6636</a>"	8261	424		NA	NA	2022-05-28T16:38:25Z	2022-05-28	Lotte Hahm	Lotte Hahm
5418103	Removena	74591	1645502484	1645502332	0	Q71895	2022-05-23T19:11:17Z		/* wbsetclaim-update:2||1|1 */ [[Property:P91]]: [[Q6636]]	"‎<span dir=""auto""><span class=""autocomment"">Changed claim: </span></span> <a href=""/wiki/Property:P91"" title=""Property:P91"">Property:P91</a>: <a href=""/wiki/Q6636"" title=""Q6636"">Q6636</a>"	68795	402		NA	NA	2022-05-23T19:11:17Z	2022-05-23	Kurt Raab	Kurt Raab
5418103	Removena	74591	1645502332	1645502236	0	Q71895	2022-05-23T19:10:53Z	NA	/* wbsetclaim-update:2||1 */ [[Property:P91]]: [[Q6636]]	"‎<span dir=""auto""><span class=""autocomment"">Changed claim: </span></span> <a href=""/wiki/Property:P91"" title=""Property:P91"">Property:P91</a>: <a href=""/wiki/Q6636"" title=""Q6636"">Q6636</a>"	68393	-11		NA	NA	2022-05-23T19:10:53Z	2022-05-23	Kurt Raab	Kurt Raab
5418103	Removena	74591	1645502236	1579410099	0	Q71895	2022-05-23T19:10:40Z	NA	/* wbsetclaim-create:2||1 */ [[Property:P91]]: [[Q104969456]]	"‎<span dir=""auto""><span class=""autocomment"">Created claim: </span></span> <a href=""/wiki/Property:P91"" title=""Property:P91"">Property:P91</a>: <a href=""/wiki/Q104969456"" title=""Q104969456"">Q104969456</a>"	68404	432		NA	NA	2022-05-23T19:10:40Z	2022-05-23	Kurt Raab	Kurt Raab
5418103	Removena	1390085	1645283308	1362783928	0	Q1451915	2022-05-23T09:47:10Z		/* wbsetaliases-add:1|de */ Frauenwiderstandscamp im Hunsrück	"‎<span dir=""auto""><span class=""autocomment"">Added German alias: </span></span> Frauenwiderstandscamp im Hunsrück"	796	103		NA	NA	2022-05-23T09:47:10Z	2022-05-23	NA	Frauenwiderstandscamp
5418103	Removena	1157161	1643143824	1643143768	0	Q1215395	2022-05-20T15:05:33Z		/* wbsetclaim-create:2||1 */ [[Property:P112]]: [[Q1528431]]	"‎<span dir=""auto""><span class=""autocomment"">Created claim: </span></span> <a href=""/wiki/Property:P112"" title=""Property:P112"">Property:P112</a>: <a href=""/wiki/Q1528431"" title=""Q1528431"">Q1528431</a>"	9613	414		NA	NA	2022-05-20T15:05:33Z	2022-05-20	Die Pfeffermühle	Die Pfeffermühle
5418103	Removena	1157161	1643143768	1361538247	0	Q1215395	2022-05-20T15:05:23Z	NA	/* wbsetclaim-create:2||1 */ [[Property:P112]]: [[Q69638]]	"‎<span dir=""auto""><span class=""autocomment"">Created claim: </span></span> <a href=""/wiki/Property:P112"" title=""Property:P112"">Property:P112</a>: <a href=""/wiki/Q69638"" title=""Q69638"">Q69638</a>"	9199	410		NA	NA	2022-05-20T15:05:23Z	2022-05-20	Die Pfeffermühle	Die Pfeffermühle
5418103	Removena	1363579	1642200555	1642200435	0	Q1424980	2022-05-19T08:41:12Z		/* wbsetclaim-create:2||1 */ [[Property:P276]]: [[Q1726]]	"‎<span dir=""auto""><span class=""autocomment"">Created claim: </span></span> <a href=""/wiki/Property:P276"" title=""Property:P276"">Property:P276</a>: <a href=""/wiki/Q1726"" title=""Q1726"">Q1726</a>"	1772	425		NA	NA	2022-05-19T08:41:12Z	2022-05-19	NA	Gesellschaft für modernes Leben
5418103	Removena	1363579	1642200435	1363427531	0	Q1424980	2022-05-19T08:41:01Z	NA	/* wbsetclaim-create:2||1 */ [[Property:P31]]: [[Q988108]]	"‎<span dir=""auto""><span class=""autocomment"">Created claim: </span></span> <a href=""/wiki/Property:P31"" title=""Property:P31"">Property:P31</a>: <a href=""/wiki/Q988108"" title=""Q988108"">Q988108</a>"	1347	427		NA	NA	2022-05-19T08:41:01Z	2022-05-19	NA	Gesellschaft für modernes Leben
5418103	Removena	38266508	1641709403	1460652747	0	Q36885603	2022-05-18T17:43:14Z		/* wbsetclaim-create:2||1 */ [[Property:P101]]: [[Q189125]]	"‎<span dir=""auto""><span class=""autocomment"">Created claim: </span></span> <a href=""/wiki/Property:P101"" title=""Property:P101"">Property:P101</a>: <a href=""/wiki/Q189125"" title=""Q189125"">Q189125</a>"	5697	430		NA	NA	2022-05-18T17:43:14Z	2022-05-18	Digital Transgender Archive	Digital Transgender Archive
5418103	Removena	1231128	1641703252	1641702780	0	Q1290742	2022-05-18T17:33:10Z		/* wbsetclaim-create:2||1 */ [[Property:P571]]: 1979	"‎<span dir=""auto""><span class=""autocomment"">Created claim: </span></span> <a href=""/wiki/Property:P571"" title=""Property:P571"">Property:P571</a>: 1979"	2607	515		NA	NA	2022-05-18T17:33:10Z	2022-05-18	Homolulu	Homolulu
5418103	Removena	1231128	1641702780	1641702419	0	Q1290742	2022-05-18T17:32:19Z	NA	/* wbsetclaim-create:2||1 */ [[Property:P276]]: [[Q1794]]	"‎<span dir=""auto""><span class=""autocomment"">Created claim: </span></span> <a href=""/wiki/Property:P276"" title=""Property:P276"">Property:P276</a>: <a href=""/wiki/Q1794"" title=""Q1794"">Q1794</a>"	2092	425		NA	NA	2022-05-18T17:32:19Z	2022-05-18	Homolulu	Homolulu
5418103	Removena	1231128	1641702419	1641702042	0	Q1290742	2022-05-18T17:31:43Z	NA	/* wbsetlabel-add:1|en */ Homolulu	"‎<span dir=""auto""><span class=""autocomment"">Added [en] label: </span></span> Homolulu"	1667	66		NA	NA	2022-05-18T17:31:43Z	2022-05-18	Homolulu	Homolulu
5418103	Removena	1231128	1641702042	1641701822	0	Q1290742	2022-05-18T17:31:10Z	NA	/* wbsetclaim-create:2||1 */ [[Property:P31]]: [[Q625994]]	"‎<span dir=""auto""><span class=""autocomment"">Created claim: </span></span> <a href=""/wiki/Property:P31"" title=""Property:P31"">Property:P31</a>: <a href=""/wiki/Q625994"" title=""Q625994"">Q625994</a>"	1601	427		NA	NA	2022-05-18T17:31:10Z	2022-05-18	Homolulu	Homolulu
5418103	Removena	1231128	1641701822	1362737699	0	Q1290742	2022-05-18T17:30:43Z	NA	/* wbsetdescription-add:1|de */ erstes internationales Homosexuellen-Treffen in Frankfurt am Main 1979	"‎<span dir=""auto""><span class=""autocomment"">Added [de] description: </span></span> erstes internationales Homosexuellen-Treffen in Frankfurt am Main 1979"	1174	129		NA	NA	2022-05-18T17:30:43Z	2022-05-18	Homolulu	Homolulu
5418103	Removena	100892095	1641698585	1641698430	0	Q105522510	2022-05-18T17:24:59Z		/* wbsetclaim-create:2||1 */ [[Property:P31]]: [[Q847017]]	"‎<span dir=""auto""><span class=""autocomment"">Created claim: </span></span> <a href=""/wiki/Property:P31"" title=""Property:P31"">Property:P31</a>: <a href=""/wiki/Q847017"" title=""Q847017"">Q847017</a>"	1762	413		NA	NA	2022-05-18T17:24:59Z	2022-05-18	Seitenwechsel e. V.	Seitenwechsel e. V.
5418103	Removena	100892095	1641698430	1641698420	0	Q105522510	2022-05-18T17:24:46Z	NA	/* wbsetaliases-add:1|de */ Seitenwechsel	"‎<span dir=""auto""><span class=""autocomment"">Added German alias: </span></span> Seitenwechsel"	1349	82		NA	NA	2022-05-18T17:24:46Z	2022-05-18	Seitenwechsel e. V.	Seitenwechsel e. V.
5418103	Removena	100892095	1641698420	1362217457	0	Q105522510	2022-05-18T17:24:46Z	NA	/* wbsetlabel-add:1|de */ Seitenwechsel e. V.	"‎<span dir=""auto""><span class=""autocomment"">Added [de] label: </span></span> Seitenwechsel e. V."	1267	78		NA	NA	2022-05-18T17:24:46Z	2022-05-18	Seitenwechsel e. V.	Seitenwechsel e. V.
5418103	Removena	25786068	1640010927	1640010885	0	Q23786249	2022-05-16T14:42:22Z		/* wbsetclaim-create:2||1 */ [[Property:P101]]: [[Q9418]]	"‎<span dir=""auto""><span class=""autocomment"">Created claim: </span></span> <a href=""/wiki/Property:P101"" title=""Property:P101"">Property:P101</a>: <a href=""/wiki/Q9418"" title=""Q9418"">Q9418</a>"	5141	409		NA	NA	2022-05-16T14:42:22Z	2022-05-16	NA	Verband für lesbische, schwule, bisexuelle, trans*, intersexuelle und queere Menschen in der Psychologie
5418103	Removena	25786068	1640010885	1640010730	0	Q23786249	2022-05-16T14:42:16Z	NA	/* wbsetclaim-create:2||1 */ [[Property:P101]]: [[Q4612907]]	"‎<span dir=""auto""><span class=""autocomment"">Created claim: </span></span> <a href=""/wiki/Property:P101"" title=""Property:P101"">Property:P101</a>: <a href=""/wiki/Q4612907"" title=""Q4612907"">Q4612907</a>"	4732	432		NA	NA	2022-05-16T14:42:16Z	2022-05-16	NA	Verband für lesbische, schwule, bisexuelle, trans*, intersexuelle und queere Menschen in der Psychologie
5418103	Removena	25786068	1640010730	1640010719	0	Q23786249	2022-05-16T14:42:02Z	NA	/* wbsetaliases-add:1|bar */ VLSP	"‎<span dir=""auto""><span class=""autocomment"">Added Bavarian alias: </span></span> VLSP"	4300	74		NA	NA	2022-05-16T14:42:02Z	2022-05-16	NA	Verband für lesbische, schwule, bisexuelle, trans*, intersexuelle und queere Menschen in der Psychologie
5418103	Removena	25786068	1640010719	1640010715	0	Q23786249	2022-05-16T14:42:02Z	NA	/* wbsetaliases-add:1|fr */ VLSP	"‎<span dir=""auto""><span class=""autocomment"">Added French alias: </span></span> VLSP"	4226	72		NA	NA	2022-05-16T14:42:02Z	2022-05-16	NA	Verband für lesbische, schwule, bisexuelle, trans*, intersexuelle und queere Menschen in der Psychologie
5418103	Removena	25786068	1640010715	1640010713	0	Q23786249	2022-05-16T14:42:01Z	NA	/* wbsetaliases-add:1|en */ VLSP	"‎<span dir=""auto""><span class=""autocomment"">Added English alias: </span></span> VLSP"	4154	72		NA	NA	2022-05-16T14:42:01Z	2022-05-16	NA	Verband für lesbische, schwule, bisexuelle, trans*, intersexuelle und queere Menschen in der Psychologie
5418103	Removena	25786068	1640010713	1365192117	0	Q23786249	2022-05-16T14:42:01Z	NA	/* wbsetaliases-add:2|de */ Verband lesbischer Psychologinnen und schwuler Psychologen in Deutschland e.V., VLSP	"‎<span dir=""auto""><span class=""autocomment"">Added German aliases: </span></span> Verband lesbischer Psychologinnen und schwuler Psychologen in Deutschland e.V., VLSP"	4082	204		NA	NA	2022-05-16T14:42:01Z	2022-05-16	NA	Verband für lesbische, schwule, bisexuelle, trans*, intersexuelle und queere Menschen in der Psychologie
5418103	Removena	286153	1640008963	1640008911	0	Q296522	2022-05-16T14:39:16Z		/* wbsetclaim-create:2||1 */ [[Property:P101]]: [[Q9174]]	"‎<span dir=""auto""><span class=""autocomment"">Created claim: </span></span> <a href=""/wiki/Property:P101"" title=""Property:P101"">Property:P101</a>: <a href=""/wiki/Q9174"" title=""Q9174"">Q9174</a>"	10230	407		NA	NA	2022-05-16T14:39:16Z	2022-05-16	Ökumenische Arbeitsgruppe Homosexuelle und Kirche	Ökumenische Arbeitsgruppe Homosexuelle und Kirche
5418103	Removena	286153	1640008911	1427286871	0	Q296522	2022-05-16T14:39:11Z	NA	/* wbsetclaim-create:2||1 */ [[Property:P101]]: [[Q4612907]]	"‎<span dir=""auto""><span class=""autocomment"">Created claim: </span></span> <a href=""/wiki/Property:P101"" title=""Property:P101"">Property:P101</a>: <a href=""/wiki/Q4612907"" title=""Q4612907"">Q4612907</a>"	9823	430		NA	NA	2022-05-16T14:39:11Z	2022-05-16	Ökumenische Arbeitsgruppe Homosexuelle und Kirche	Ökumenische Arbeitsgruppe Homosexuelle und Kirche
5418103	Removena	30591967	1640001396	1640001286	0	Q28931494	2022-05-16T14:27:55Z		/* wbsetclaim-create:2||1 */ [[Property:P8168]]: Q404227	"‎<span dir=""auto""><span class=""autocomment"">Created claim: </span></span> <a href=""/wiki/Property:P8168"" title=""Property:P8168"">Property:P8168</a>: Q404227"	5679	349		NA	NA	2022-05-16T14:27:55Z	2022-05-16	Verein für Fraueninteressen	Verein für Fraueninteressen
5418103	Removena	30591967	1640001286	1640001003	0	Q28931494	2022-05-16T14:27:35Z	NA	/* wbsetclaim-create:2||1 */ [[Property:P112]]: [[Q71410]]	"‎<span dir=""auto""><span class=""autocomment"">Created claim: </span></span> <a href=""/wiki/Property:P112"" title=""Property:P112"">Property:P112</a>: <a href=""/wiki/Q71410"" title=""Q71410"">Q71410</a>"	5330	428		NA	NA	2022-05-16T14:27:35Z	2022-05-16	Verein für Fraueninteressen	Verein für Fraueninteressen
5418103	Removena	30591967	1640001003	1363864049	0	Q28931494	2022-05-16T14:27:04Z	NA	/* wbsetaliases-add:1|de */ Gesellschaft zur Förderung der geistigen Interessen der Frau	"‎<span dir=""auto""><span class=""autocomment"">Added German alias: </span></span> Gesellschaft zur Förderung der geistigen Interessen der Frau"	4902	130		NA	NA	2022-05-16T14:27:04Z	2022-05-16	Verein für Fraueninteressen	Verein für Fraueninteressen
5418103	Removena	59523579	1637585575	1637585570	0	Q59628138	2022-05-13T12:28:40Z		/* wbsetdescription-add:1|es */ la académica literaria	"‎<span dir=""auto""><span class=""autocomment"">Added [es] description: </span></span> la académica literaria"	13969	82		NA	NA	2022-05-13T12:28:40Z	2022-05-13	Joanne Trautmann Banks	Joanne Trautmann Banks
5418103	Removena	59523579	1637585570	1637099035	0	Q59628138	2022-05-13T12:28:39Z	NA	/* wbsetdescription-add:1|fr */ Spécialiste en littérature	"‎<span dir=""auto""><span class=""autocomment"">Added [fr] description: </span></span> Spécialiste en littérature"	13887	87		NA	NA	2022-05-13T12:28:39Z	2022-05-13	Joanne Trautmann Banks	Joanne Trautmann Banks
5418103	Removena	214297	1637533759	1637533451	0	Q219368	2022-05-13T10:21:42Z	NA	/* wbsetclaim-create:2||1 */ [[Property:P91]]: [[Q339014]]	"‎<span dir=""auto""><span class=""autocomment"">Created claim: </span></span> <a href=""/wiki/Property:P91"" title=""Property:P91"">Property:P91</a>: <a href=""/wiki/Q339014"" title=""Q339014"">Q339014</a>"	149996	410		NA	NA	2022-05-13T10:21:42Z	2022-05-13	Judith Butler	Judith Butler
5418103	Removena	214297	1637533451	1627623461	0	Q219368	2022-05-13T10:21:04Z	NA	/* wbsetclaim-create:2||1 */ [[Property:P91]]: [[Q6649]]	"‎<span dir=""auto""><span class=""autocomment"">Created claim: </span></span> <a href=""/wiki/Property:P91"" title=""Property:P91"">Property:P91</a>: <a href=""/wiki/Q6649"" title=""Q6649"">Q6649</a>"	149586	832		NA	NA	2022-05-13T10:21:04Z	2022-05-13	Judith Butler	Judith Butler
5418103	Removena	99685571	1637530438	1637530132	0	Q104225531	2022-05-13T10:14:18Z	NA	/* wbsetclaim-create:2||1 */ [[Property:P21]]: [[Q1052281]]	"‎<span dir=""auto""><span class=""autocomment"">Created claim: </span></span> <a href=""/wiki/Property:P21"" title=""Property:P21"">Property:P21</a>: <a href=""/wiki/Q1052281"" title=""Q1052281"">Q1052281</a>"	7189	415		NA	NA	2022-05-13T10:14:18Z	2022-05-13	Kirsten Nilsson	Kirsten Nilsson
5418103	Removena	99685571	1637530132	1637530129	0	Q104225531	2022-05-13T10:13:37Z	NA	/* wbsetdescription-add:1|fr */ artiste de scène transsexuelle et travailleuse du sexe	"‎<span dir=""auto""><span class=""autocomment"">Added [fr] description: </span></span> artiste de scène transsexuelle et travailleuse du sexe"	6774	114		NA	NA	2022-05-13T10:13:37Z	2022-05-13	Kirsten Nilsson	Kirsten Nilsson
5418103	Removena	99685571	1637530129	1517273584	0	Q104225531	2022-05-13T10:13:36Z	NA	/* wbsetdescription-add:1|en */ transsexual stage performer and sex worker	"‎<span dir=""auto""><span class=""autocomment"">Added [en] description: </span></span> transsexual stage performer and sex worker"	6660	101		NA	NA	2022-05-13T10:13:36Z	2022-05-13	Kirsten Nilsson	Kirsten Nilsson
5418103	Removena	29706674	1637527187	1637527182	0	Q28002474	2022-05-13T10:06:38Z		/* wbsetaliases-add:1|fr */ Shirley Shea	"‎<span dir=""auto""><span class=""autocomment"">Added French alias: </span></span> Shirley Shea"	16128	81		NA	NA	2022-05-13T10:06:38Z	2022-05-13	Marion Foster	Marion Foster
5418103	Removena	29706674	1637527182	1637527181	0	Q28002474	2022-05-13T10:06:37Z	NA	/* wbsetaliases-add:1|en */ Shirley Shea	"‎<span dir=""auto""><span class=""autocomment"">Added English alias: </span></span> Shirley Shea"	16047	81		NA	NA	2022-05-13T10:06:37Z	2022-05-13	Marion Foster	Marion Foster
5418103	Removena	29706674	1637527181	1637527176	0	Q28002474	2022-05-13T10:06:37Z	NA	/* wbsetaliases-add:1|de */ Shirley Shea	"‎<span dir=""auto""><span class=""autocomment"">Added German alias: </span></span> Shirley Shea"	15966	81		NA	NA	2022-05-13T10:06:37Z	2022-05-13	Marion Foster	Marion Foster
5418103	Removena	29706674	1637527176	1637527174	0	Q28002474	2022-05-13T10:06:36Z	NA	/* wbsetdescription-add:1|de */ Kandadische Romanautorin	"‎<span dir=""auto""><span class=""autocomment"">Added [de] description: </span></span> Kandadische Romanautorin"	15885	83		NA	NA	2022-05-13T10:06:36Z	2022-05-13	Marion Foster	Marion Foster
5418103	Removena	29706674	1637527174	1615854214	0	Q28002474	2022-05-13T10:06:36Z	NA	/* wbsetlabel-add:1|de */ Marion Foster	"‎<span dir=""auto""><span class=""autocomment"">Added [de] label: </span></span> Marion Foster"	15802	72		NA	NA	2022-05-13T10:06:36Z	2022-05-13	Marion Foster	Marion Foster
5418103	Removena	2142495	1637517064	1637516681	0	Q2218608	2022-05-13T09:42:00Z		/* wbsetclaim-update:2||1|1 */ [[Property:P91]]: [[Q6636]]	"‎<span dir=""auto""><span class=""autocomment"">Changed claim: </span></span> <a href=""/wiki/Property:P91"" title=""Property:P91"">Property:P91</a>: <a href=""/wiki/Q6636"" title=""Q6636"">Q6636</a>"	34675	450		NA	NA	2022-05-13T09:42:00Z	2022-05-13	Samuel Steward	Samuel M. Steward
5418103	Removena	2142495	1637516681	1637516575	0	Q2218608	2022-05-13T09:41:15Z	NA	/* wbsetclaim-update:2||1 */ [[Property:P91]]: [[Q6636]]	"‎<span dir=""auto""><span class=""autocomment"">Changed claim: </span></span> <a href=""/wiki/Property:P91"" title=""Property:P91"">Property:P91</a>: <a href=""/wiki/Q6636"" title=""Q6636"">Q6636</a>"	34225	-11		NA	NA	2022-05-13T09:41:15Z	2022-05-13	Samuel Steward	Samuel M. Steward
5418103	Removena	2142495	1637516575	1580309772	0	Q2218608	2022-05-13T09:41:00Z	NA	/* wbsetclaim-create:2||1 */ [[Property:P91]]: [[Q104969456]]	"‎<span dir=""auto""><span class=""autocomment"">Created claim: </span></span> <a href=""/wiki/Property:P91"" title=""Property:P91"">Property:P91</a>: <a href=""/wiki/Q104969456"" title=""Q104969456"">Q104969456</a>"	34236	434		NA	NA	2022-05-13T09:41:00Z	2022-05-13	Samuel Steward	Samuel M. Steward
5418103	Removena	1264614	1637512469	1616422408	0	Q1324878	2022-05-13T09:31:39Z	NA	/* wbsetclaim-create:2||1 */ [[Property:P91]]: [[Q6649]]	"‎<span dir=""auto""><span class=""autocomment"">Created claim: </span></span> <a href=""/wiki/Property:P91"" title=""Property:P91"">Property:P91</a>: <a href=""/wiki/Q6649"" title=""Q6649"">Q6649</a>"	26484	423		NA	NA	2022-05-13T09:31:39Z	2022-05-13	Elana Dykewomon	Elana Dykewomon
5418103	Removena	1450965	1637509520	1637509512	0	Q1513759	2022-05-13T09:25:13Z		/* wbsetaliases-add:1|fr */ Judith Jannberg	"‎<span dir=""auto""><span class=""autocomment"">Added French alias: </span></span> Judith Jannberg"	17380	84		NA	NA	2022-05-13T09:25:13Z	2022-05-13	Gerlinde Schilcher	Gerlinde Schilcher
5418103	Removena	1450965	1637509512	1637509492	0	Q1513759	2022-05-13T09:25:12Z	NA	/* wbsetaliases-add:1|en */ Judith Jannberg	"‎<span dir=""auto""><span class=""autocomment"">Added English alias: </span></span> Judith Jannberg"	17296	84		NA	NA	2022-05-13T09:25:12Z	2022-05-13	Gerlinde Schilcher	Gerlinde Schilcher
5418103	Removena	1450965	1637509492	1616499559	0	Q1513759	2022-05-13T09:25:10Z	NA	/* wbsetlabel-set:1|en */ Gerlinde Schilcher	"‎<span dir=""auto""><span class=""autocomment"">Changed English label: </span></span> Gerlinde Schilcher"	17212	3		NA	NA	2022-05-13T09:25:10Z	2022-05-13	Gerlinde Schilcher	Gerlinde Schilcher
5418103	Removena	187177	1637508112	1635293265	0	Q188526	2022-05-13T09:22:16Z		/* wbsetclaim-create:2||1 */ [[Property:P91]]: [[Q6649]]	"‎<span dir=""auto""><span class=""autocomment"">Created claim: </span></span> <a href=""/wiki/Property:P91"" title=""Property:P91"">Property:P91</a>: <a href=""/wiki/Q6649"" title=""Q6649"">Q6649</a>"	197808	422		NA	NA	2022-05-13T09:22:16Z	2022-05-13	Marina Tsvetaeva	Marina Iwanowna Zwetajewa
5418103	Removena	54706892	1637499804	1637498533	0	Q54506742	2022-05-13T09:04:41Z	NA	/* wbsetclaim-create:2||1 */ [[Property:P8168]]: Q403296	"‎<span dir=""auto""><span class=""autocomment"">Created claim: </span></span> <a href=""/wiki/Property:P8168"" title=""Property:P8168"">Property:P8168</a>: Q403296"	20419	348		NA	NA	2022-05-13T09:04:41Z	2022-05-13	Guido Hermann Eckardt	Guido Hermann Eckardt
5418103	Removena	54706892	1637498533	1637498527	0	Q54506742	2022-05-13T09:02:07Z	NA	/* wbsetaliases-add:1|es */ Fritz Geron Pernauhm	"‎<span dir=""auto""><span class=""autocomment"">Added Spanish alias: </span></span> Fritz Geron Pernauhm"	20071	89		NA	NA	2022-05-13T09:02:07Z	2022-05-13	Guido Hermann Eckardt	Guido Hermann Eckardt
5418103	Removena	54706892	1637498527	1637498521	0	Q54506742	2022-05-13T09:02:06Z	NA	/* wbsetaliases-add:1|bar */ Fritz Geron Pernauhm	"‎<span dir=""auto""><span class=""autocomment"">Added Bavarian alias: </span></span> Fritz Geron Pernauhm"	19982	91		NA	NA	2022-05-13T09:02:06Z	2022-05-13	Guido Hermann Eckardt	Guido Hermann Eckardt
5418103	Removena	54706892	1637498521	1637498513	0	Q54506742	2022-05-13T09:02:06Z	NA	/* wbsetaliases-add:1|fr */ Fritz Geron Pernauhm	"‎<span dir=""auto""><span class=""autocomment"">Added French alias: </span></span> Fritz Geron Pernauhm"	19891	89		NA	NA	2022-05-13T09:02:06Z	2022-05-13	Guido Hermann Eckardt	Guido Hermann Eckardt
5418103	Removena	54706892	1637498513	1637498509	0	Q54506742	2022-05-13T09:02:05Z	NA	/* wbsetaliases-add:1|en */ Fritz Geron Pernauhm	"‎<span dir=""auto""><span class=""autocomment"">Added English alias: </span></span> Fritz Geron Pernauhm"	19802	89		NA	NA	2022-05-13T09:02:05Z	2022-05-13	Guido Hermann Eckardt	Guido Hermann Eckardt
5418103	Removena	54706892	1637498509	1637498502	0	Q54506742	2022-05-13T09:02:05Z	NA	/* wbsetaliases-add:1|de */ Fritz Geron Pernauhm	"‎<span dir=""auto""><span class=""autocomment"">Added German alias: </span></span> Fritz Geron Pernauhm"	19713	89		NA	NA	2022-05-13T09:02:05Z	2022-05-13	Guido Hermann Eckardt	Guido Hermann Eckardt
5418103	Removena	54706892	1637498502	1637498494	0	Q54506742	2022-05-13T09:02:04Z	NA	/* wbsetdescription-add:1|es */ músico y periodista (1873-1951)	"‎<span dir=""auto""><span class=""autocomment"">Added [es] description: </span></span> músico y periodista (1873-1951)"	19624	91		NA	NA	2022-05-13T09:02:04Z	2022-05-13	Guido Hermann Eckardt	Guido Hermann Eckardt
5418103	Removena	54706892	1637498494	1637498488	0	Q54506742	2022-05-13T09:02:04Z	NA	/* wbsetdescription-add:1|fr */ musicien et journaliste (1873-1951)	"‎<span dir=""auto""><span class=""autocomment"">Added [fr] description: </span></span> musicien et journaliste (1873-1951)"	19533	94		NA	NA	2022-05-13T09:02:04Z	2022-05-13	Guido Hermann Eckardt	Guido Hermann Eckardt
5418103	Removena	54706892	1637498488	1637498480	0	Q54506742	2022-05-13T09:02:03Z	NA	/* wbsetdescription-add:1|de */ Musiker und Journalist (1873-1951)	"‎<span dir=""auto""><span class=""autocomment"">Added [de] description: </span></span> Musiker und Journalist (1873-1951)"	19439	93		NA	NA	2022-05-13T09:02:03Z	2022-05-13	Guido Hermann Eckardt	Guido Hermann Eckardt
5418103	Removena	54706892	1637498480	1592526142	0	Q54506742	2022-05-13T09:02:03Z	NA	/* wbsetdescription-set:1|en */ musician and journalist (1873-1951)	"‎<span dir=""auto""><span class=""autocomment"">Changed English description: </span></span> musician and journalist (1873-1951)"	19346	24		NA	NA	2022-05-13T09:02:03Z	2022-05-13	Guido Hermann Eckardt	Guido Hermann Eckardt
5418103	Removena	6737102	1637217147	1581786889	0	Q6881280	2022-05-12T19:42:33Z		/* wbsetdescription-add:1|de */ Amerikanischer Autor und Verleger	"‎<span dir=""auto""><span class=""autocomment"">Added [de] description: </span></span> Amerikanischer Autor und Verleger"	19263	92		NA	NA	2022-05-12T19:42:33Z	2022-05-12	Mitchell Kennerley	Mitchell Kennerley
5418103	Removena	453603	1637214955	1621484967	0	Q481576	2022-05-12T19:37:09Z	NA	/* wbsetclaim-create:2||1 */ [[Property:P227]]: 1065490062	"‎<span dir=""auto""><span class=""autocomment"">Created claim: </span></span> <a href=""/wiki/Property:P227"" title=""Property:P227"">Property:P227</a>: 1065490062"	38239	331		NA	NA	2022-05-12T19:37:09Z	2022-05-12	S. Fischer Verlag	S. Fischer Verlag
5418103	Removena	2780624	1637206928	1586121788	0	Q2904802	2022-05-12T19:12:04Z	NA	/* wbsetclaim-create:2||1 */ [[Property:P227]]: 1068107626	"‎<span dir=""auto""><span class=""autocomment"">Created claim: </span></span> <a href=""/wiki/Property:P227"" title=""Property:P227"">Property:P227</a>: 1068107626"	46049	332		NA	NA	2022-05-12T19:12:04Z	2022-05-12	Harrassowitz Verlag	Harrassowitz Verlag
5418103	Removena	21797614	1637205484	1053834269	0	Q20124673	2022-05-12T19:07:33Z		/* wbsetdescription-add:1|en */ Suisse publisher	"‎<span dir=""auto""><span class=""autocomment"">Added [en] description: </span></span> Suisse publisher"	1737	75		NA	NA	2022-05-12T19:07:33Z	2022-05-12	Diana Verlag	Diana Verlag
5418103	Removena	493287	1637157103	1637157097	0	Q524264	2022-05-12T16:09:07Z		/* wbsetaliases-add:2|fr */ Roberta Elizabeth Marshall Cowell, Betty Cowell	"‎<span dir=""auto""><span class=""autocomment"">Added French aliases: </span></span> Roberta Elizabeth Marshall Cowell, Betty Cowell"	28218	168		NA	NA	2022-05-12T16:09:07Z	2022-05-12	Roberta Cowell	Roberta Cowell
5418103	Removena	493287	1637157097	1637157095	0	Q524264	2022-05-12T16:09:06Z	NA	/* wbsetaliases-add:2|en */ Roberta Elizabeth Marshall Cowell, Betty Cowell	"‎<span dir=""auto""><span class=""autocomment"">Added English aliases: </span></span> Roberta Elizabeth Marshall Cowell, Betty Cowell"	28050	168		NA	NA	2022-05-12T16:09:06Z	2022-05-12	Roberta Cowell	Roberta Cowell
5418103	Removena	493287	1637157095	1587915639	0	Q524264	2022-05-12T16:09:05Z	NA	/* wbsetaliases-add:1|de */ Betty Cowell	"‎<span dir=""auto""><span class=""autocomment"">Added German alias: </span></span> Betty Cowell"	27882	66		NA	NA	2022-05-12T16:09:05Z	2022-05-12	Roberta Cowell	Roberta Cowell
5418103	Removena	6522938	1637156004	1637155997	0	Q6688705	2022-05-12T16:06:13Z		/* wbsetaliases-add:1|fr */ Louise A. DeSalvo	"‎<span dir=""auto""><span class=""autocomment"">Added French alias: </span></span> Louise A. DeSalvo"	28954	86		NA	NA	2022-05-12T16:06:13Z	2022-05-12	Louise DeSalvo	Louise DeSalvo
5418103	Removena	6522938	1637155997	1637155993	0	Q6688705	2022-05-12T16:06:12Z	NA	/* wbsetaliases-add:1|en */ Louise A. DeSalvo	"‎<span dir=""auto""><span class=""autocomment"">Added English alias: </span></span> Louise A. DeSalvo"	28868	86		NA	NA	2022-05-12T16:06:12Z	2022-05-12	Louise DeSalvo	Louise DeSalvo
5418103	Removena	6522938	1637155993	1637155982	0	Q6688705	2022-05-12T16:06:11Z	NA	/* wbsetaliases-add:1|de */ Louise A. DeSalvo	"‎<span dir=""auto""><span class=""autocomment"">Added German alias: </span></span> Louise A. DeSalvo"	28782	86		NA	NA	2022-05-12T16:06:11Z	2022-05-12	Louise DeSalvo	Louise DeSalvo
5418103	Removena	6522938	1637155982	1637155966	0	Q6688705	2022-05-12T16:06:10Z	NA	/* wbsetdescription-add:1|de */ Amerikanische Schriftstellerin	"‎<span dir=""auto""><span class=""autocomment"">Added [de] description: </span></span> Amerikanische Schriftstellerin"	28696	89		NA	NA	2022-05-12T16:06:10Z	2022-05-12	Louise DeSalvo	Louise DeSalvo
5418103	Removena	6522938	1637155966	1612873043	0	Q6688705	2022-05-12T16:06:08Z	NA	/* wbsetclaim-create:2||1 */ [[Property:P227]]: 11950054X	"‎<span dir=""auto""><span class=""autocomment"">Created claim: </span></span> <a href=""/wiki/Property:P227"" title=""Property:P227"">Property:P227</a>: 11950054X"	28607	347		NA	NA	2022-05-12T16:06:08Z	2022-05-12	Louise DeSalvo	Louise DeSalvo
5418103	Removena	933891	1637152819	1616249017	0	Q984217	2022-05-12T15:58:11Z		/* wbsetdescription-set:1|de */ britischer Autor, Dichter und Sozialist	"‎<span dir=""auto""><span class=""autocomment"">Changed German description: </span></span> britischer Autor, Dichter und Sozialist"	102762	11		NA	NA	2022-05-12T15:58:11Z	2022-05-12	Edward Carpenter	Edward Carpenter
5418103	Removena	14646004	1637143166	1286925868	0	Q13103255	2022-05-12T15:20:35Z		/* wbsetdescription-add:1|de */ Luxemburgischer Autor	"‎<span dir=""auto""><span class=""autocomment"">Added [de] description: </span></span> Luxemburgischer Autor"	5851	80		NA	NA	2022-05-12T15:20:35Z	2022-05-12	Jean Louis Schlim	Jean Louis Schlim
5418103	Removena	688654	1637115913	1632207187	0	Q732389	2022-05-12T13:58:36Z	NA	/* wbsetdescription-add:1|de */ Amerikanischer Journalist	"‎<span dir=""auto""><span class=""autocomment"">Added [de] description: </span></span> Amerikanischer Journalist"	41983	84		NA	NA	2022-05-12T13:58:36Z	2022-05-12	Chandler Burr	Chandler Burr
5418103	Removena	7332967	1637114144	1637114097	0	Q7422394	2022-05-12T13:53:15Z	NA	/* wbsetclaim-create:2||1 */ [[Property:P101]]: [[Q6649]]	"‎<span dir=""auto""><span class=""autocomment"">Created claim: </span></span> <a href=""/wiki/Property:P101"" title=""Property:P101"">Property:P101</a>: <a href=""/wiki/Q6649"" title=""Q6649"">Q6649</a>"	25031	408		NA	NA	2022-05-12T13:53:15Z	2022-05-12	Sarah Hoagland	Sarah Hoagland
5418103	Removena	7332967	1637114097	1637114017	0	Q7422394	2022-05-12T13:53:07Z	NA	/* wbsetclaim-create:2||1 */ [[Property:P101]]: [[Q7252]]	"‎<span dir=""auto""><span class=""autocomment"">Created claim: </span></span> <a href=""/wiki/Property:P101"" title=""Property:P101"">Property:P101</a>: <a href=""/wiki/Q7252"" title=""Q7252"">Q7252</a>"	24623	408		NA	NA	2022-05-12T13:53:07Z	2022-05-12	Sarah Hoagland	Sarah Hoagland
5418103	Removena	7332967	1637114017	1637113920	0	Q7422394	2022-05-12T13:52:53Z	NA	/* wbsetclaim-create:2||1 */ [[Property:P101]]: [[Q7252]]	"‎<span dir=""auto""><span class=""autocomment"">Created claim: </span></span> <a href=""/wiki/Property:P101"" title=""Property:P101"">Property:P101</a>: <a href=""/wiki/Q7252"" title=""Q7252"">Q7252</a>"	24215	425		NA	NA	2022-05-12T13:52:53Z	2022-05-12	Sarah Hoagland	Sarah Hoagland
5418103	Removena	7332967	1637113920	1637113834	0	Q7422394	2022-05-12T13:52:28Z	NA	/* wbsetclaim-create:2||1 */ [[Property:P106]]: [[Q121594]]	"‎<span dir=""auto""><span class=""autocomment"">Created claim: </span></span> <a href=""/wiki/Property:P106"" title=""Property:P106"">Property:P106</a>: <a href=""/wiki/Q121594"" title=""Q121594"">Q121594</a>"	23790	412		NA	NA	2022-05-12T13:52:28Z	2022-05-12	Sarah Hoagland	Sarah Hoagland
5418103	Removena	7332967	1637113834	1637113831	0	Q7422394	2022-05-12T13:52:15Z	NA	/* wbsetaliases-add:1|de */ Sarah Lucia Hoagland	"‎<span dir=""auto""><span class=""autocomment"">Added German alias: </span></span> Sarah Lucia Hoagland"	23378	89		NA	NA	2022-05-12T13:52:15Z	2022-05-12	Sarah Hoagland	Sarah Hoagland
5418103	Removena	7332967	1637113831	1583562578	0	Q7422394	2022-05-12T13:52:15Z	NA	/* wbsetdescription-add:1|de */ Amerikanische Professorin	"‎<span dir=""auto""><span class=""autocomment"">Added [de] description: </span></span> Amerikanische Professorin"	23289	85		NA	NA	2022-05-12T13:52:15Z	2022-05-12	Sarah Hoagland	Sarah Hoagland
5418103	Removena	3225013	1637113016	1637112860	0	Q3384087	2022-05-12T13:49:55Z		/* wbsetclaim-create:2||1 */ [[Property:P227]]: 133421546	"‎<span dir=""auto""><span class=""autocomment"">Created claim: </span></span> <a href=""/wiki/Property:P227"" title=""Property:P227"">Property:P227</a>: 133421546"	29257	347		NA	NA	2022-05-12T13:49:55Z	2022-05-12	Pierre Borhan	Pierre Borhan
5418103	Removena	3225013	1637112860	1637112857	0	Q3384087	2022-05-12T13:49:22Z	NA	/* wbsetdescription-add:1|en */ Auteur et historien de la photographie français	"‎<span dir=""auto""><span class=""autocomment"">Added [en] description: </span></span> Auteur et historien de la photographie français"	28910	107		NA	NA	2022-05-12T13:49:22Z	2022-05-12	Pierre Borhan	Pierre Borhan
5418103	Removena	3225013	1637112857	1503064530	0	Q3384087	2022-05-12T13:49:22Z	NA	/* wbsetdescription-add:1|de */ Französischer Autor und Fotografiehistoriker	"‎<span dir=""auto""><span class=""autocomment"">Added [de] description: </span></span> Französischer Autor und Fotografiehistoriker"	28803	104		NA	NA	2022-05-12T13:49:22Z	2022-05-12	Pierre Borhan	Pierre Borhan
5418103	Removena	21724299	1637110752	1542647277	0	Q20054121	2022-05-12T13:43:24Z		/* wbsetdescription-add:1|de */ Künstlerin	"‎<span dir=""auto""><span class=""autocomment"">Added [de] description: </span></span> Künstlerin"	18417	70		NA	NA	2022-05-12T13:43:24Z	2022-05-12	Emily Wardill	Emily Wardill
5418103	Removena	105331524	1637110393	1637110388	0	Q110262506	2022-05-12T13:42:28Z	NA	/* wbsetdescription-add:1|fr */ Historien américain	"‎<span dir=""auto""><span class=""autocomment"">Added [fr] description: </span></span> Historien américain"	3480	79		NA	NA	2022-05-12T13:42:28Z	2022-05-12	Clayton J. Whisnant	Clayton J. Whisnant
5418103	Removena	105331524	1637110388	1637110219	0	Q110262506	2022-05-12T13:42:28Z	NA	/* wbsetlabel-add:1|fr */ Clayton J. Whisnant	"‎<span dir=""auto""><span class=""autocomment"">Added [fr] label: </span></span> Clayton J. Whisnant"	3401	78		NA	NA	2022-05-12T13:42:28Z	2022-05-12	Clayton J. Whisnant	Clayton J. Whisnant
5418103	Removena	105331524	1637110219	1637109983	0	Q110262506	2022-05-12T13:42:03Z	NA	/* wbsetclaim-create:2||1 */ [[Property:P101]]: [[Q6636]]	"‎<span dir=""auto""><span class=""autocomment"">Created claim: </span></span> <a href=""/wiki/Property:P101"" title=""Property:P101"">Property:P101</a>: <a href=""/wiki/Q6636"" title=""Q6636"">Q6636</a>"	3323	427		NA	NA	2022-05-12T13:42:03Z	2022-05-12	Clayton J. Whisnant	Clayton J. Whisnant
5418103	Removena	105331524	1637109983	1637109979	0	Q110262506	2022-05-12T13:41:33Z	NA	/* wbsetdescription-add:1|en */ American historian	"‎<span dir=""auto""><span class=""autocomment"">Added [en] description: </span></span> American historian"	2896	77		NA	NA	2022-05-12T13:41:33Z	2022-05-12	Clayton J. Whisnant	Clayton J. Whisnant
5418103	Removena	105331524	1637109979	1637109976	0	Q110262506	2022-05-12T13:41:32Z	NA	/* wbsetdescription-add:1|de */ Amerikanischer Historiker	"‎<span dir=""auto""><span class=""autocomment"">Added [de] description: </span></span> Amerikanischer Historiker"	2819	84		NA	NA	2022-05-12T13:41:32Z	2022-05-12	Clayton J. Whisnant	Clayton J. Whisnant
5418103	Removena	105331524	1637109976	1585455721	0	Q110262506	2022-05-12T13:41:32Z	NA	/* wbsetlabel-add:1|de */ Clayton J. Whisnant	"‎<span dir=""auto""><span class=""autocomment"">Added [de] label: </span></span> Clayton J. Whisnant"	2735	78		NA	NA	2022-05-12T13:41:32Z	2022-05-12	Clayton J. Whisnant	Clayton J. Whisnant
5418103	Removena	5022078	1637107660	1594503291	0	Q5252562	2022-05-12T13:35:20Z		/* wbsetdescription-add:1|de */ Amerikanische Journalistin	"‎<span dir=""auto""><span class=""autocomment"">Added [de] description: </span></span> Amerikanische Journalistin"	28455	85		NA	NA	2022-05-12T13:35:20Z	2022-05-12	Deirdre English	Deirdre English
5418103	Removena	95517634	1637107410	1637107240	0	Q97015445	2022-05-12T13:34:35Z		/* wbsetclaim-create:2||1 */ [[Property:P106]]: [[Q33231]]	"‎<span dir=""auto""><span class=""autocomment"">Created claim: </span></span> <a href=""/wiki/Property:P106"" title=""Property:P106"">Property:P106</a>: <a href=""/wiki/Q33231"" title=""Q33231"">Q33231</a>"	4534	428		NA	NA	2022-05-12T13:34:35Z	2022-05-12	Michael Janiszewski	Michael Janiszewski
5418103	Removena	95517634	1637107240	1637107236	0	Q97015445	2022-05-12T13:33:58Z	NA	/* wbsetdescription-add:1|en */ Photographer and poet	"‎<span dir=""auto""><span class=""autocomment"">Added [en] description: </span></span> Photographer and poet"	4106	80		NA	NA	2022-05-12T13:33:58Z	2022-05-12	Michael Janiszewski	Michael Janiszewski
5418103	Removena	95517634	1637107236	1637106944	0	Q97015445	2022-05-12T13:33:57Z	NA	/* wbsetdescription-add:1|de */ Fotograf und Lyriker	"‎<span dir=""auto""><span class=""autocomment"">Added [de] description: </span></span> Fotograf und Lyriker"	4026	79		NA	NA	2022-05-12T13:33:57Z	2022-05-12	Michael Janiszewski	Michael Janiszewski
5418103	Removena	95517634	1637106944	1428229321	0	Q97015445	2022-05-12T13:33:07Z	NA	/* wbsetclaim-create:2||1 */ [[Property:P227]]: 120386941	"‎<span dir=""auto""><span class=""autocomment"">Created claim: </span></span> <a href=""/wiki/Property:P227"" title=""Property:P227"">Property:P227</a>: 120386941"	3947	348		NA	NA	2022-05-12T13:33:07Z	2022-05-12	Michael Janiszewski	Michael Janiszewski
5418103	Removena	3154310	1637105894	1637105891	0	Q3307811	2022-05-12T13:30:18Z	NA	/* wbsetaliases-add:1|de */ Janice G. Raymond	"‎<span dir=""auto""><span class=""autocomment"">Added German alias: </span></span> Janice G. Raymond"	27833	86		NA	NA	2022-05-12T13:30:18Z	2022-05-12	Janice Raymond	Janice Raymond
5418103	Removena	3154310	1637105891	1605943884	0	Q3307811	2022-05-12T13:30:17Z	NA	/* wbsetdescription-add:1|de */ Amerikanische Autorin	"‎<span dir=""auto""><span class=""autocomment"">Added [de] description: </span></span> Amerikanische Autorin"	27747	80		NA	NA	2022-05-12T13:30:17Z	2022-05-12	Janice Raymond	Janice Raymond
5418103	Removena	59523579	1637099035	1637099031	0	Q59628138	2022-05-12T13:10:02Z	NA	/* wbsetdescription-add:1|de */ Literaturwissenschaftlerin	"‎<span dir=""auto""><span class=""autocomment"">Added [de] description: </span></span> Literaturwissenschaftlerin"	13800	85		NA	NA	2022-05-12T13:10:02Z	2022-05-12	Joanne Trautmann Banks	Joanne Trautmann Banks
5418103	Removena	59523579	1637099031	1462800042	0	Q59628138	2022-05-12T13:10:02Z	NA	/* wbsetdescription-set:1|en */ Literature scholar	"‎<span dir=""auto""><span class=""autocomment"">Changed English description: </span></span> Literature scholar"	13715	-198		NA	NA	2022-05-12T13:10:02Z	2022-05-12	Joanne Trautmann Banks	Joanne Trautmann Banks
5418103	Removena	29706633	1637098032	1613012621	0	Q28002433	2022-05-12T13:07:00Z		/* wbsetdescription-add:1|de */ Amerikanischer Romanautor	"‎<span dir=""auto""><span class=""autocomment"">Added [de] description: </span></span> Amerikanischer Romanautor"	16065	84		NA	NA	2022-05-12T13:07:00Z	2022-05-12	Grant Michaels	Grant Michaels
5418103	Removena	25688852	1637097710	1637097707	0	Q23682444	2022-05-12T13:06:04Z		/* wbsetaliases-add:1|de */ Mary Terri De la Peña	"‎<span dir=""auto""><span class=""autocomment"">Added German alias: </span></span> Mary Terri De la Peña"	4768	91		NA	NA	2022-05-12T13:06:04Z	2022-05-12	(Mary) Terri De la Peña	Terri De la Peña
5418103	Removena	25688852	1637097707	1637097700	0	Q23682444	2022-05-12T13:06:03Z	NA	/* wbsetdescription-add:1|de */ Mexikanisch-Amerikanischer Autorin von Romanen, Kurzgeschichten und Essays	"‎<span dir=""auto""><span class=""autocomment"">Added [de] description: </span></span> Mexikanisch-Amerikanischer Autorin von Romanen, Kurzgeschichten und Essays"	4677	133		NA	NA	2022-05-12T13:06:03Z	2022-05-12	(Mary) Terri De la Peña	Terri De la Peña
5418103	Removena	25688852	1637097700	1319682460	0	Q23682444	2022-05-12T13:06:03Z	NA	/* wbsetlabel-add:1|de */ Terri De la Peña	"‎<span dir=""auto""><span class=""autocomment"">Added [de] label: </span></span> Terri De la Peña"	4544	76		NA	NA	2022-05-12T13:06:03Z	2022-05-12	(Mary) Terri De la Peña	Terri De la Peña
5418103	Removena	2414118	1637097097	1637097041	0	Q2500795	2022-05-12T13:04:26Z		/* wbsetaliases-add:2|de */ William Diederich Kuik, William Kuik	"‎<span dir=""auto""><span class=""autocomment"">Added German aliases: </span></span> William Diederich Kuik, William Kuik"	50484	157		NA	NA	2022-05-12T13:04:26Z	2022-05-12	Dirkje Kuik	Dirkje Kuik
5418103	Removena	2414118	1637097041	1635463479	0	Q2500795	2022-05-12T13:04:15Z	NA	/* wbsetdescription-add:1|de */ Niederländische Künstlerin und Autorin (1929-2008)	"‎<span dir=""auto""><span class=""autocomment"">Added [de] description: </span></span> Niederländische Künstlerin und Autorin (1929-2008)"	50327	111		NA	NA	2022-05-12T13:04:15Z	2022-05-12	Dirkje Kuik	Dirkje Kuik
5418103	Removena	5069739	1637096624	1637096621	0	Q5301208	2022-05-12T13:03:16Z		/* wbsetaliases-add:1|fr */ Mercedes Lambert	"‎<span dir=""auto""><span class=""autocomment"">Added French alias: </span></span> Mercedes Lambert"	21423	85		NA	NA	2022-05-12T13:03:16Z	2022-05-12	Douglas Anne Munson	Douglas Anne Munson
5418103	Removena	5069739	1637096621	1637096619	0	Q5301208	2022-05-12T13:03:16Z	NA	/* wbsetaliases-add:1|de */ Mercedes Lambert	"‎<span dir=""auto""><span class=""autocomment"">Added German alias: </span></span> Mercedes Lambert"	21338	85		NA	NA	2022-05-12T13:03:16Z	2022-05-12	Douglas Anne Munson	Douglas Anne Munson
5418103	Removena	5069739	1637096619	1605973931	0	Q5301208	2022-05-12T13:03:15Z	NA	/* wbsetdescription-add:1|de */ Amerikanische Schriftstellerin	"‎<span dir=""auto""><span class=""autocomment"">Added [de] description: </span></span> Amerikanische Schriftstellerin"	21253	89		NA	NA	2022-05-12T13:03:15Z	2022-05-12	Douglas Anne Munson	Douglas Anne Munson
5418103	Removena	4484219	1637096416	1605948472	0	Q4693020	2022-05-12T13:02:52Z		/* wbsetdescription-add:1|de */ Amerikanische Autorin	"‎<span dir=""auto""><span class=""autocomment"">Added [de] description: </span></span> Amerikanische Autorin"	12906	80		NA	NA	2022-05-12T13:02:52Z	2022-05-12	Agnes Bushell	Agnes Bushell
5418103	Removena	21760622	1637096315	1637096311	0	Q20090806	2022-05-12T13:02:39Z		/* wbsetdescription-set:1|de */ Amerikanische Psychologin und Schriftstellerin	"‎<span dir=""auto""><span class=""autocomment"">Changed German description: </span></span> Amerikanische Psychologin und Schriftstellerin"	13474	21		NA	NA	2022-05-12T13:02:39Z	2022-05-12	Camarin Grae	Camarin Grae
5418103	Removena	21760622	1637096311	1637096220	0	Q20090806	2022-05-12T13:02:39Z	NA	/* wbsetdescription-set:1|en */ American psychologist and author	"‎<span dir=""auto""><span class=""autocomment"">Changed English description: </span></span> American psychologist and author"	13453	11		NA	NA	2022-05-12T13:02:39Z	2022-05-12	Camarin Grae	Camarin Grae
5418103	Removena	21760622	1637096220	1420236299	0	Q20090806	2022-05-12T13:02:22Z	NA	/* wbsetdescription-add:1|de */ Amerikanische Psychologin	"‎<span dir=""auto""><span class=""autocomment"">Added [de] description: </span></span> Amerikanische Psychologin"	13442	84		NA	NA	2022-05-12T13:02:22Z	2022-05-12	Camarin Grae	Camarin Grae
5418103	Removena	6628484	1637096132	1607372320	0	Q6780975	2022-05-12T13:02:10Z		/* wbsetdescription-add:1|de */ Amerikanische Comicautorin	"‎<span dir=""auto""><span class=""autocomment"">Added [de] description: </span></span> Amerikanische Comicautorin"	21681	85		NA	NA	2022-05-12T13:02:10Z	2022-05-12	Mary Wings	Mary Wings
5418103	Removena	12989641	1637096020	1637095946	0	Q11856860	2022-05-12T13:01:54Z		/* wbsetlabel-add:1|de */ Eeva-Kaarina Aronen	"‎<span dir=""auto""><span class=""autocomment"">Added [de] label: </span></span> Eeva-Kaarina Aronen"	14865	78		NA	NA	2022-05-12T13:01:54Z	2022-05-12	Eeva-Kaarina Aronen	Eeva-Kaarina Aronen
5418103	Removena	12989641	1637095946	1552274005	0	Q11856860	2022-05-12T13:01:44Z	NA	/* wbsetdescription-add:1|de */ Finnische Journalistin und Autorin (*1948-2015)	"‎<span dir=""auto""><span class=""autocomment"">Added [de] description: </span></span> Finnische Journalistin und Autorin (*1948-2015)"	14787	106		NA	NA	2022-05-12T13:01:44Z	2022-05-12	Eeva-Kaarina Aronen	Eeva-Kaarina Aronen
5418103	Removena	61861600	1637095663	1495884334	0	Q62035211	2022-05-12T13:00:58Z		/* wbsetdescription-add:1|de */ Niederländische Feministin	"‎<span dir=""auto""><span class=""autocomment"">Added [de] description: </span></span> Niederländische Feministin"	5076	86		NA	NA	2022-05-12T13:00:58Z	2022-05-12	Ina Bouman	Ina Bouman
5418103	Removena	86641595	1637095542	1637095499	0	Q87409812	2022-05-12T13:00:42Z		/* wbsetlabel-set:1|en */ Nikki Baker	"‎<span dir=""auto""><span class=""autocomment"">Changed English label: </span></span> Nikki Baker"	12025	-7		NA	NA	2022-05-12T13:00:42Z	2022-05-12	Nikki Baker	Nikki Baker
5418103	Removena	86641595	1637095499	1637095497	0	Q87409812	2022-05-12T13:00:35Z	NA	/* wbsetaliases-add:1|fr */ Jennifer Dowdell	"‎<span dir=""auto""><span class=""autocomment"">Added French alias: </span></span> Jennifer Dowdell"	12032	85		NA	NA	2022-05-12T13:00:35Z	2022-05-12	Nikki Baker	Nikki Baker
5418103	Removena	86641595	1637095497	1637095493	0	Q87409812	2022-05-12T13:00:34Z	NA	/* wbsetaliases-add:1|de */ Jennifer Dowdell	"‎<span dir=""auto""><span class=""autocomment"">Added German alias: </span></span> Jennifer Dowdell"	11947	85		NA	NA	2022-05-12T13:00:34Z	2022-05-12	Nikki Baker	Nikki Baker
5418103	Removena	86641595	1637095493	1637095490	0	Q87409812	2022-05-12T13:00:34Z	NA	/* wbsetdescription-add:1|fr */ ecrivain	"‎<span dir=""auto""><span class=""autocomment"">Added [fr] description: </span></span> ecrivain"	11862	66		NA	NA	2022-05-12T13:00:34Z	2022-05-12	Nikki Baker	Nikki Baker
5418103	Removena	86641595	1637095490	1574095204	0	Q87409812	2022-05-12T13:00:33Z	NA	/* wbsetdescription-add:1|de */ Autorin	"‎<span dir=""auto""><span class=""autocomment"">Added [de] description: </span></span> Autorin"	11796	65		NA	NA	2022-05-12T13:00:33Z	2022-05-12	Nikki Baker	Nikki Baker
5418103	Removena	3143601	1637095343	1630940801	0	Q3296220	2022-05-12T13:00:09Z		/* wbsetdescription-add:1|de */ Amerikanische Aktivistin	"‎<span dir=""auto""><span class=""autocomment"">Added [de] description: </span></span> Amerikanische Aktivistin"	10962	83		NA	NA	2022-05-12T13:00:09Z	2022-05-12	Mary Morello	Mary Morello
5418103	Removena	104064370	1637095240	1637095236	0	Q108828808	2022-05-12T12:59:57Z	NA	/* wbsetdescription-add:1|de */ Quebecer Dichterin, Romanautorin und Verfasserin von Kurzgeschichten	"‎<span dir=""auto""><span class=""autocomment"">Added [de] description: </span></span> Quebecer Dichterin, Romanautorin und Verfasserin von Kurzgeschichten"	7930	127		NA	NA	2022-05-12T12:59:57Z	2022-05-12	Louise Auger	Louise Auger
5418103	Removena	104064370	1637095236	1577358603	0	Q108828808	2022-05-12T12:59:56Z	NA	/* wbsetlabel-add:1|de */ Louise Auger	"‎<span dir=""auto""><span class=""autocomment"">Added [de] label: </span></span> Louise Auger"	7803	71		NA	NA	2022-05-12T12:59:56Z	2022-05-12	Louise Auger	Louise Auger
5418103	Removena	1680525	1637095076	1457568248	0	Q1747615	2022-05-12T12:59:28Z		/* wbsetdescription-add:1|de */ Amerikanische Schriftstellerin	"‎<span dir=""auto""><span class=""autocomment"">Added [de] description: </span></span> Amerikanische Schriftstellerin"	28738	89		NA	NA	2022-05-12T12:59:28Z	2022-05-12	Sandra Scoppettone	Sandra Scoppettone
5418103	Removena	62208182	1637094992	1637094989	0	Q62393991	2022-05-12T12:59:12Z		/* wbsetdescription-add:1|de */ Amerikanische Krimiautorin	"‎<span dir=""auto""><span class=""autocomment"">Added [de] description: </span></span> Amerikanische Krimiautorin"	5324	85		NA	NA	2022-05-12T12:59:12Z	2022-05-12	Kate Calloway	Kate Calloway
5418103	Removena	62208182	1637094989	1312515631	0	Q62393991	2022-05-12T12:59:11Z	NA	/* wbsetlabel-add:1|de */ Kate Calloway	"‎<span dir=""auto""><span class=""autocomment"">Added [de] label: </span></span> Kate Calloway"	5239	72		NA	NA	2022-05-12T12:59:11Z	2022-05-12	Kate Calloway	Kate Calloway
5418103	Removena	29571216	1637094869	1592751630	0	Q27862137	2022-05-12T12:58:52Z		/* wbsetdescription-set:1|de */ französische Schriftstellerin	"‎<span dir=""auto""><span class=""autocomment"">Changed German description: </span></span> französische Schriftstellerin"	22580	1		NA	NA	2022-05-12T12:58:52Z	2022-05-12	Négar Djavadi	Négar Djavadi
5418103	Removena	88363965	1637094510	1629480850	0	Q89139546	2022-05-12T12:57:53Z		/* wbsetdescription-add:1|de */ Amerikanische Ärztin und Autorin	"‎<span dir=""auto""><span class=""autocomment"">Added [de] description: </span></span> Amerikanische Ärztin und Autorin"	19579	92		NA	NA	2022-05-12T12:57:53Z	2022-05-12	Christiane Northrup	Christiane Northrup
5418103	Removena	5908433	1637094351	1637094349	0	Q6116451	2022-05-12T12:57:20Z		/* wbsetaliases-add:1|de */ Jacqueline Margaret Kay	"‎<span dir=""auto""><span class=""autocomment"">Added German alias: </span></span> Jacqueline Margaret Kay"	73466	92		NA	NA	2022-05-12T12:57:20Z	2022-05-12	Jackie Kay	Jackie Kay
5418103	Removena	5908433	1637094349	1619255023	0	Q6116451	2022-05-12T12:57:20Z	NA	/* wbsetdescription-add:1|de */ Schottische Dichterin und Romanautorin	"‎<span dir=""auto""><span class=""autocomment"">Added [de] description: </span></span> Schottische Dichterin und Romanautorin"	73374	97		NA	NA	2022-05-12T12:57:20Z	2022-05-12	Jackie Kay	Jackie Kay
5418103	Removena	7332827	1637094185	1581833368	0	Q7422260	2022-05-12T12:56:55Z		/* wbsetdescription-add:1|de */ Amerikanische Romanautorin	"‎<span dir=""auto""><span class=""autocomment"">Added [de] description: </span></span> Amerikanische Romanautorin"	26023	85		NA	NA	2022-05-12T12:56:55Z	2022-05-12	Sarah Dreher	Sarah Dreher
5418103	Removena	5466477	1637094042	1637094039	0	Q5702481	2022-05-12T12:56:27Z		/* wbsetdescription-add:1|de */ Amerikanische Romanautorin	"‎<span dir=""auto""><span class=""autocomment"">Added [de] description: </span></span> Amerikanische Romanautorin"	38383	85		NA	NA	2022-05-12T12:56:27Z	2022-05-12	Helen Hooven Santmyer	Helen Hooven Santmyer
5418103	Removena	5466477	1637094039	1553060995	0	Q5702481	2022-05-12T12:56:27Z	NA	/* wbsetlabel-add:1|de */ Helen Hooven Santmyer	"‎<span dir=""auto""><span class=""autocomment"">Added [de] label: </span></span> Helen Hooven Santmyer"	38298	80		NA	NA	2022-05-12T12:56:27Z	2022-05-12	Helen Hooven Santmyer	Helen Hooven Santmyer
5418103	Removena	6500579	1637093884	1539467826	0	Q6668214	2022-05-12T12:56:03Z		/* wbsetdescription-add:1|de */ Britische Okkultistin	"‎<span dir=""auto""><span class=""autocomment"">Added [de] description: </span></span> Britische Okkultistin"	15640	80		NA	NA	2022-05-12T12:56:03Z	2022-05-12	Lois Bourne	Lois Bourne
5418103	Removena	5066968	1637093714	1416367547	0	Q5298347	2022-05-12T12:55:36Z		/* wbsetdescription-add:1|de */ Autorin	"‎<span dir=""auto""><span class=""autocomment"">Added [de] description: </span></span> Autorin"	19094	65		NA	NA	2022-05-12T12:55:36Z	2022-05-12	Dorothy Cannell	Dorothy Cannell
5418103	Removena	59422217	1637093498	1629096787	0	Q59525686	2022-05-12T12:54:55Z		/* wbsetdescription-add:1|de */ Amerikanische Akademikerin und Aktivistin	"‎<span dir=""auto""><span class=""autocomment"">Added [de] description: </span></span> Amerikanische Akademikerin und Aktivistin"	15759	100		NA	NA	2022-05-12T12:54:55Z	2022-05-12	Rosemary Keefe	Rosemary Curb
5418103	Removena	63525320	1637092405	1637092361	0	Q63811566	2022-05-12T12:51:38Z		/* wbsetdescription-add:1|de */ Forscherin	"‎<span dir=""auto""><span class=""autocomment"">Added [de] description: </span></span> Forscherin"	4046	69		NA	NA	2022-05-12T12:51:38Z	2022-05-12	Claudia Koltzenburg	Claudia Koltzenburg
5418103	Removena	63525320	1637092361	1209255200	0	Q63811566	2022-05-12T12:51:32Z	NA	/* wbsetlabel-add:1|de */ Claudia Koltzenburg	"‎<span dir=""auto""><span class=""autocomment"">Added [de] label: </span></span> Claudia Koltzenburg"	3977	78		NA	NA	2022-05-12T12:51:32Z	2022-05-12	Claudia Koltzenburg	Claudia Koltzenburg
5418103	Removena	51701062	1637090371	1637090336	0	Q50760601	2022-05-12T12:45:00Z		/* wbsetdescription-add:1|fr */ ecrivain	"‎<span dir=""auto""><span class=""autocomment"">Added [fr] description: </span></span> ecrivain"	7761	66		NA	NA	2022-05-12T12:45:00Z	2022-05-12	Lauren Wright Douglas	Lauren Wright Douglas
5418103	Removena	51701062	1637090336	1637090306	0	Q50760601	2022-05-12T12:44:55Z	NA	/* wbsetdescription-add:1|de */ Schriftstellerin	"‎<span dir=""auto""><span class=""autocomment"">Added [de] description: </span></span> Schriftstellerin"	7695	75		NA	NA	2022-05-12T12:44:55Z	2022-05-12	Lauren Wright Douglas	Lauren Wright Douglas
5418103	Removena	51701062	1637090306	1637090300	0	Q50760601	2022-05-12T12:44:50Z	NA	/* wbsetlabel-add:1|fr */ Lauren Wright Douglas	"‎<span dir=""auto""><span class=""autocomment"">Added [fr] label: </span></span> Lauren Wright Douglas"	7620	80		NA	NA	2022-05-12T12:44:50Z	2022-05-12	Lauren Wright Douglas	Lauren Wright Douglas
5418103	Removena	51701062	1637090300	1183711556	0	Q50760601	2022-05-12T12:44:49Z	NA	/* wbsetlabel-add:1|de */ Lauren Wright Douglas	"‎<span dir=""auto""><span class=""autocomment"">Added [de] label: </span></span> Lauren Wright Douglas"	7540	80		NA	NA	2022-05-12T12:44:49Z	2022-05-12	Lauren Wright Douglas	Lauren Wright Douglas
5418103	Removena	1104600	1637089666	1607172739	0	Q1158334	2022-05-12T12:43:02Z		/* wbsetdescription-set:1|de */ australischer fiktionaler Charakter	"‎<span dir=""auto""><span class=""autocomment"">Changed German description: </span></span> australischer fiktionaler Charakter"	33735	14		NA	NA	2022-05-12T12:43:02Z	2022-05-12	Dame Edna Everage	Dame Edna Everage
5418103	Removena	57006935	1637089348	1637089344	0	Q57089779	2022-05-12T12:41:48Z		/* wbsetaliases-add:1|fr */ Evelyn Corliss White	"‎<span dir=""auto""><span class=""autocomment"">Added French alias: </span></span> Evelyn Corliss White"	36881	89		NA	NA	2022-05-12T12:41:48Z	2022-05-12	Evelyn C. White	Evelyn C. White
5418103	Removena	57006935	1637089344	1637089340	0	Q57089779	2022-05-12T12:41:47Z	NA	/* wbsetaliases-add:1|de */ Evelyn Corliss White	"‎<span dir=""auto""><span class=""autocomment"">Added German alias: </span></span> Evelyn Corliss White"	36792	89		NA	NA	2022-05-12T12:41:47Z	2022-05-12	Evelyn C. White	Evelyn C. White
5418103	Removena	57006935	1637089340	1612986327	0	Q57089779	2022-05-12T12:41:47Z	NA	/* wbsetdescription-add:1|de */ Amerikanische Schriftstellerin	"‎<span dir=""auto""><span class=""autocomment"">Added [de] description: </span></span> Amerikanische Schriftstellerin"	36703	89		NA	NA	2022-05-12T12:41:47Z	2022-05-12	Evelyn C. White	Evelyn C. White
5418103	Removena	7276926	1637088863	1637088860	0	Q7368401	2022-05-12T12:40:03Z		/* wbsetaliases-add:1|de */ Rosemary Joy Manning	"‎<span dir=""auto""><span class=""autocomment"">Added German alias: </span></span> Rosemary Joy Manning"	21078	89		NA	NA	2022-05-12T12:40:03Z	2022-05-12	Rosemary Manning	Rosemary Manning
5418103	Removena	7276926	1637088860	1596482561	0	Q7368401	2022-05-12T12:40:02Z	NA	/* wbsetdescription-add:1|de */ Schriftstellerin	"‎<span dir=""auto""><span class=""autocomment"">Added [de] description: </span></span> Schriftstellerin"	20989	75		NA	NA	2022-05-12T12:40:02Z	2022-05-12	Rosemary Manning	Rosemary Manning
5418103	Removena	4833466	1637088225	1637088167	0	Q5057868	2022-05-12T12:37:44Z		/* wbsetaliases-add:1|de */ Celestia West	"‎<span dir=""auto""><span class=""autocomment"">Added German alias: </span></span> Celestia West"	34792	82		NA	NA	2022-05-12T12:37:44Z	2022-05-12	Celeste West	Celeste West
5418103	Removena	4833466	1637088167	1595639837	0	Q5057868	2022-05-12T12:37:35Z	NA	/* wbsetdescription-add:1|de */ Amerikanische Bibliothekarin	"‎<span dir=""auto""><span class=""autocomment"">Added [de] description: </span></span> Amerikanische Bibliothekarin"	34710	87		NA	NA	2022-05-12T12:37:35Z	2022-05-12	Celeste West	Celeste West
5418103	Removena	50262	1636603682	1628929692	0	Q48270	2022-05-11T07:12:41Z	NA	/* wbsetclaim-create:2||1 */ [[Property:P8168]]: Q402116	"‎<span dir=""auto""><span class=""autocomment"">Created claim: </span></span> <a href=""/wiki/Property:P8168"" title=""Property:P8168"">Property:P8168</a>: Q402116"	69346	345		NA	NA	2022-05-11T07:12:41Z	2022-05-11	non-binary	nichtbinär
5418103	Removena	187697	1636603620	1621046696	0	Q189125	2022-05-11T07:12:19Z	NA	/* wbsetclaim-create:2||1 */ [[Property:P8168]]: Q399991	"‎<span dir=""auto""><span class=""autocomment"">Created claim: </span></span> <a href=""/wiki/Property:P8168"" title=""Property:P8168"">Property:P8168</a>: Q399991"	78621	346		NA	NA	2022-05-11T07:12:19Z	2022-05-11	transgender person	Transgender-Person
5418103	Removena	1045087	1636603123	1603669761	0	Q1097630	2022-05-11T07:09:24Z	NA	/* wbsetclaim-create:2||1 */ [[Property:P8168]]: Q402120	"‎<span dir=""auto""><span class=""autocomment"">Created claim: </span></span> <a href=""/wiki/Property:P8168"" title=""Property:P8168"">Property:P8168</a>: Q402120"	65848	347		NA	NA	2022-05-11T07:09:24Z	2022-05-11	intersex	Intersexualität
5418103	Removena	101073822	1632590671	1632589358	0	Q105712363	2022-05-05T14:34:45Z		/* wbsetclaim-create:2||1 */ [[Property:P921]]: [[Q17540959]]	"‎<span dir=""auto""><span class=""autocomment"">Created claim: </span></span> <a href=""/wiki/Property:P921"" title=""Property:P921"">Property:P921</a>: <a href=""/wiki/Q17540959"" title=""Q17540959"">Q17540959</a>"	3307	435		NA	NA	2022-05-05T14:34:45Z	2022-05-05	NA	Kofra
5418103	Removena	101073822	1632589358	1632589152	0	Q105712363	2022-05-05T14:33:01Z	NA	/* wbsetclaim-create:2||1 */ [[Property:P276]]: [[Q1726]]	"‎<span dir=""auto""><span class=""autocomment"">Created claim: </span></span> <a href=""/wiki/Property:P276"" title=""Property:P276"">Property:P276</a>: <a href=""/wiki/Q1726"" title=""Q1726"">Q1726</a>"	2872	427		NA	NA	2022-05-05T14:33:01Z	2022-05-05	NA	Kofra
5418103	Removena	101073822	1632589152	1372338161	0	Q105712363	2022-05-05T14:32:46Z	NA	/* wbsetclaim-create:2||1 */ [[Property:P98]]: [[Q102233446]]	"‎<span dir=""auto""><span class=""autocomment"">Created claim: </span></span> <a href=""/wiki/Property:P98"" title=""Property:P98"">Property:P98</a>: <a href=""/wiki/Q102233446"" title=""Q102233446"">Q102233446</a>"	2445	436		NA	NA	2022-05-05T14:32:46Z	2022-05-05	NA	Kofra
5418103	Removena	99015635	1632588677	1632588673	0	Q102233446	2022-05-05T14:32:09Z		/* wbsetdescription-add:1|en */ Magazine for feminism and work	"‎<span dir=""auto""><span class=""autocomment"">Added [en] description: </span></span> Magazine for feminism and work"	4342	89		NA	NA	2022-05-05T14:32:09Z	2022-05-05	Kofra	Kofra
5418103	Removena	99015635	1632588673	1336124819	0	Q102233446	2022-05-05T14:32:08Z	NA	/* wbsetdescription-add:1|de */ Zeitschrift für Feminismus und Arbeit	"‎<span dir=""auto""><span class=""autocomment"">Added [de] description: </span></span> Zeitschrift für Feminismus und Arbeit"	4253	97		NA	NA	2022-05-05T14:32:08Z	2022-05-05	Kofra	Kofra
5418103	Removena	57395624	1632586669	1361427653	0	Q57479088	2022-05-05T14:29:24Z		/* wbsetdescription-add:1|de */ Kirche in München	"‎<span dir=""auto""><span class=""autocomment"">Added [de] description: </span></span> Kirche in München"	4109	77		NA	NA	2022-05-05T14:29:24Z	2022-05-05	NA	Versöhnungskirche
5418103	Removena	76659	1632586274	1632586263	0	Q73974	2022-05-05T14:28:39Z		/* wbsetaliases-add:1|de */ Hirschfeld-Institut	"‎<span dir=""auto""><span class=""autocomment"">Added German alias: </span></span> Hirschfeld-Institut"	33746	88		NA	NA	2022-05-05T14:28:39Z	2022-05-05	Institut für Sexualwissenschaft	Institut für Sexualwissenschaft
5418103	Removena	76659	1632586263	1578482606	0	Q73974	2022-05-05T14:28:39Z	NA	/* wbsetdescription-add:1|de */ Forschungsinstitut zwischen 1919 bis 1933, geleitet von Magnus Hirschfeld	"‎<span dir=""auto""><span class=""autocomment"">Added [de] description: </span></span> Forschungsinstitut zwischen 1919 bis 1933, geleitet von Magnus Hirschfeld"	33658	132		NA	NA	2022-05-05T14:28:39Z	2022-05-05	Institut für Sexualwissenschaft	Institut für Sexualwissenschaft
5418103	Removena	95584894	1632576176	1229031439	0	Q97101981	2022-05-05T14:13:20Z		/* wbsetclaim-create:2||1 */ [[Property:P31]]: [[Q5442876]]	"‎<span dir=""auto""><span class=""autocomment"">Created claim: </span></span> <a href=""/wiki/Property:P31"" title=""Property:P31"">Property:P31</a>: <a href=""/wiki/Q5442876"" title=""Q5442876"">Q5442876</a>"	2025	430		NA	NA	2022-05-05T14:13:20Z	2022-05-05	NA	Feministisches Frauengesundheitszentrum Frankfurt am Main
5418103	Removena	4246474	1627325866	1627292132	0	Q4115189	2022-04-28T08:45:40Z	NA	/* wbcreateclaim-create:1| */ [[Property:P31]]: [[Q65963507]], [[:toollabs:quickstatements/#/batch/84218|batch #84218]]	"‎<span dir=""auto""><span class=""autocomment"">Created claim: </span></span> <a href=""/wiki/Property:P31"" title=""Property:P31"">Property:P31</a>: <a href=""/wiki/Q65963507"" title=""Q65963507"">Q65963507</a>, <a href=""https://iw.toolforge.org/quickstatements/#.2Fbatch.2F84218"" class=""extiw"" title=""toollabs:quickstatements/"">batch #84218</a>"	101787	415		NA	NA	2022-04-28T08:45:40Z	2022-04-28	Wikidata Sandbox	Wikidata-Spielwiese
5418103	Removena	4246474	1627292132	1627274791	0	Q4115189	2022-04-28T07:38:55Z	NA	/* wbcreateclaim-create:1| */ [[Property:P31]]: [[Q3841224]], [[:toollabs:quickstatements/#/batch/84212|batch #84212]]	"‎<span dir=""auto""><span class=""autocomment"">Created claim: </span></span> <a href=""/wiki/Property:P31"" title=""Property:P31"">Property:P31</a>: <a href=""/wiki/Q3841224"" title=""Q3841224"">Q3841224</a>, <a href=""https://iw.toolforge.org/quickstatements/#.2Fbatch.2F84212"" class=""extiw"" title=""toollabs:quickstatements/"">batch #84212</a>"	101372	413		NA	NA	2022-04-28T07:38:55Z	2022-04-28	Wikidata Sandbox	Wikidata-Spielwiese
5418103	Removena	4246474	1627274791	1627274355	0	Q4115189	2022-04-28T07:07:04Z	NA	/* wbcreateclaim-create:1| */ [[Property:P31]]: [[Q3841225]], [[:toollabs:quickstatements/#/batch/84205|batch #84205]]	"‎<span dir=""auto""><span class=""autocomment"">Created claim: </span></span> <a href=""/wiki/Property:P31"" title=""Property:P31"">Property:P31</a>: <a href=""/wiki/Q3841225"" title=""Q3841225"">Q3841225</a>, <a href=""https://iw.toolforge.org/quickstatements/#.2Fbatch.2F84205"" class=""extiw"" title=""toollabs:quickstatements/"">batch #84205</a>"	100959	413		NA	NA	2022-04-28T07:07:04Z	2022-04-28	Wikidata Sandbox	Wikidata-Spielwiese
5418103	Removena	4246474	1627274355	1626850802	0	Q4115189	2022-04-28T07:06:38Z	NA	/* wbcreateclaim-create:1| */ [[Property:P31]]: [[Q1]], [[:toollabs:quickstatements/#/batch/84204|batch #84204]]	"‎<span dir=""auto""><span class=""autocomment"">Created claim: </span></span> <a href=""/wiki/Property:P31"" title=""Property:P31"">Property:P31</a>: <a href=""/wiki/Q1"" title=""Q1"">Q1</a>, <a href=""https://iw.toolforge.org/quickstatements/#.2Fbatch.2F84204"" class=""extiw"" title=""toollabs:quickstatements/"">batch #84204</a>"	100546	401		NA	NA	2022-04-28T07:06:38Z	2022-04-28	Wikidata Sandbox	Wikidata-Spielwiese
5418103	Removena	2224100	1625189411	1625189341	0	Q2302402	2022-04-25T13:15:05Z	NA	/* wbsetclaim-create:2||1 */ [[Property:P2360]]: [[Q17884]]	"‎<span dir=""auto""><span class=""autocomment"">Created claim: </span></span> <a href=""/wiki/Property:P2360"" title=""Property:P2360"">Property:P2360</a>: <a href=""/wiki/Q17884"" title=""Q17884"">Q17884</a>"	35589	429		NA	NA	2022-04-25T13:15:05Z	2022-04-25	Grindr	Grindr
5418103	Removena	2224100	1625189341	1591584098	0	Q2302402	2022-04-25T13:14:48Z	NA	/* wbsetdescription-add:1|de */ Dating-App für Smartphones mit queerer Zielgruppe	"‎<span dir=""auto""><span class=""autocomment"">Added [de] description: </span></span> Dating-App für Smartphones mit queerer Zielgruppe"	35160	109		NA	NA	2022-04-25T13:14:48Z	2022-04-25	Grindr	Grindr
5418103	Removena	21763	1625189004	1621865684	0	Q18695	2022-04-25T13:13:59Z	NA	/* wbsetclaim-create:2||1 */ [[Property:P2360]]: [[Q17884]]	"‎<span dir=""auto""><span class=""autocomment"">Created claim: </span></span> <a href=""/wiki/Property:P2360"" title=""Property:P2360"">Property:P2360</a>: <a href=""/wiki/Q17884"" title=""Q17884"">Q17884</a>"	29381	427		NA	NA	2022-04-25T13:13:59Z	2022-04-25	Romeo	PlanetRomeo
5418103	Removena	657471	1625187334	1623130231	0	Q698297	2022-04-25T13:09:30Z		/* wbsetclaim-create:2||1 */ [[Property:P101]]: [[Q17625913]]	"‎<span dir=""auto""><span class=""autocomment"">Created claim: </span></span> <a href=""/wiki/Property:P101"" title=""Property:P101"">Property:P101</a>: <a href=""/wiki/Q17625913"" title=""Q17625913"">Q17625913</a>"	50601	415		NA	NA	2022-04-25T13:09:30Z	2022-04-25	LSVD	Lesben- und Schwulenverband in Deutschland
5418103	Removena	1088661	1625183926	1625183803	0	Q1141983	2022-04-25T13:00:57Z	NA	/* wbsetclaim-update:2||1 */ [[Property:P10192]]: homoit0000319	"‎<span dir=""auto""><span class=""autocomment"">Changed claim: </span></span> <a href=""/wiki/Property:P10192"" title=""Property:P10192"">Property:P10192</a>: homoit0000319"	8155	-53		NA	NA	2022-04-25T13:00:57Z	2022-04-25	cruising for sex	Cruising
5418103	Removena	1088661	1625183803	1625183710	0	Q1141983	2022-04-25T13:00:46Z	NA	/* wbsetclaim-update:2||1 */ [[Property:P10192]]: Cruising (LGBTQ+ culture) (https://homosaurus.org/v3/homoit0000319	"‎<span dir=""auto""><span class=""autocomment"">Changed claim: </span></span> <a href=""/wiki/Property:P10192"" title=""Property:P10192"">Property:P10192</a>: Cruising (LGBTQ+ culture) (https://homosaurus.org/v3/homoit0000319"	8208	-1		NA	NA	2022-04-25T13:00:46Z	2022-04-25	cruising for sex	Cruising
5418103	Removena	1088661	1625183710	1625182511	0	Q1141983	2022-04-25T13:00:32Z	NA	/* wbsetclaim-update:2||1 */ [[Property:P10192]]: Cruising (LGBTQ+ culture) (https://homosaurus.org/v3/homoit0000319)	"‎<span dir=""auto""><span class=""autocomment"">Changed claim: </span></span> <a href=""/wiki/Property:P10192"" title=""Property:P10192"">Property:P10192</a>: Cruising (LGBTQ+ culture) (https://homosaurus.org/v3/homoit0000319)"	8209	42		NA	NA	2022-04-25T13:00:32Z	2022-04-25	cruising for sex	Cruising
5418103	Removena	1088661	1625182511	1625182213	0	Q1141983	2022-04-25T12:57:33Z	NA	/* wbsetclaim-update:2||1 */ [[Property:P10192]]: Cruising (LGBTQ+ culture)	"‎<span dir=""auto""><span class=""autocomment"">Changed claim: </span></span> <a href=""/wiki/Property:P10192"" title=""Property:P10192"">Property:P10192</a>: Cruising (LGBTQ+ culture)"	8167	12		NA	NA	2022-04-25T12:57:33Z	2022-04-25	cruising for sex	Cruising
5418103	Removena	1088661	1625182213	1625182035	0	Q1141983	2022-04-25T12:57:02Z	NA	/* wbsetclaim-update:2||1 */ [[Property:P10192]]: homoit0000319	"‎<span dir=""auto""><span class=""autocomment"">Changed claim: </span></span> <a href=""/wiki/Property:P10192"" title=""Property:P10192"">Property:P10192</a>: homoit0000319"	8155	-26		NA	NA	2022-04-25T12:57:02Z	2022-04-25	cruising for sex	Cruising
5418103	Removena	1088661	1625182035	1625181767	0	Q1141983	2022-04-25T12:56:42Z	NA	/* wbsetclaim-update:2||1 */ [[Property:P10192]]: https://homosaurus.org/v3/homoit0000319	"‎<span dir=""auto""><span class=""autocomment"">Changed claim: </span></span> <a href=""/wiki/Property:P10192"" title=""Property:P10192"">Property:P10192</a>: https://homosaurus.org/v3/homoit0000319"	8181	32		NA	NA	2022-04-25T12:56:42Z	2022-04-25	cruising for sex	Cruising
5418103	Removena	1088661	1625181767	1602020649	0	Q1141983	2022-04-25T12:56:08Z	NA	/* wbsetclaim-create:2||1 */ [[Property:P10192]]: Cruising	"‎<span dir=""auto""><span class=""autocomment"">Created claim: </span></span> <a href=""/wiki/Property:P10192"" title=""Property:P10192"">Property:P10192</a>: Cruising"	8149	350		NA	NA	2022-04-25T12:56:08Z	2022-04-25	cruising for sex	Cruising
5418103	Removena	100701607	1625149005	1625149000	0	Q105321449	2022-04-25T11:56:54Z		/* wbsetdescription-set:1|en */ tfor LGBTQ people	"‎<span dir=""auto""><span class=""autocomment"">Changed English description: </span></span> tfor LGBTQ people"	3635	-23		NA	NA	2022-04-25T11:56:54Z	2022-04-25	LGBTQ bar	LGBT-Bar
5418103	Removena	100701607	1625149000	1473856416	0	Q105321449	2022-04-25T11:56:53Z	NA	/* wbsetlabel-add:1|de */ LGBT-Bar	"‎<span dir=""auto""><span class=""autocomment"">Added [de] label: </span></span> LGBT-Bar"	3658	66		NA	NA	2022-04-25T11:56:53Z	2022-04-25	LGBTQ bar	LGBT-Bar
5418103	Removena	31936496	1625145430	1572468808	0	Q30324198	2022-04-25T11:50:51Z	NA	/* wbsetlabel-add:1|de */ Lesbenbar	"‎<span dir=""auto""><span class=""autocomment"">Added [de] label: </span></span> Lesbenbar"	6908	67		NA	NA	2022-04-25T11:50:51Z	2022-04-25	lesbian bar	Lesbenbar
5418103	Removena	106412683	1610553387	1610547350	0	Q111451125	2022-04-04T10:15:11Z		/* wbsetdescription-set:1|de */ deutsche Datenspezialistin und Journalistin	"‎<span dir=""auto""><span class=""autocomment"">Changed German description: </span></span> deutsche Datenspezialistin und Journalistin"	5856	-2		NA	NA	2022-04-04T10:15:11Z	2022-04-04	Katharina Brunner	Katharina Brunner
5418103	Removena	106412683	1610547350	1607836242	0	Q111451125	2022-04-04T10:06:44Z	NA	/* wbsetdescription-set:1|de */ deutsche Data Scientist und Datenjournalistin	"‎<span dir=""auto""><span class=""autocomment"">Changed German description: </span></span> deutsche Data Scientist und Datenjournalistin"	5858	-13		NA	NA	2022-04-04T10:06:44Z	2022-04-04	Katharina Brunner	Katharina Brunner
5418103	Removena	283656	1568000656	1363278562	0	Q293530	2022-01-25T19:56:02Z		/* wbsetlabel-add:1|en */ AIDS Memorial (Munich)	"‎<span dir=""auto""><span class=""autocomment"">Added [en] label: </span></span> AIDS Memorial (Munich)"	8492	81		NA	NA	2022-01-25T19:56:02Z	2022-01-25	AIDS Memorial (Munich)	AIDS-Memorial (München)
5418103	Removena	65370171	1561337317	1503908666	0	Q65740451	2022-01-12T21:59:58Z		/* wbsetlabel-add:1|en */ Category:LGBT event in Germany	"‎<span dir=""auto""><span class=""autocomment"">Added [en] label: </span></span> Category:LGBT event in Germany"	12818	89		NA	NA	2022-01-12T21:59:58Z	2022-01-12	Category:LGBT event in Germany	Kategorie:LGBT-Veranstaltung in Deutschland
5418103	Removena	1367526	1561335237	1561334900	0	Q1428984	2022-01-12T21:56:01Z		/* wbsetaliases-add:1|de */ Lesben-Frühlings-Treffen	"‎<span dir=""auto""><span class=""autocomment"">Added German alias: </span></span> Lesben-Frühlings-Treffen"	4591	79		NA	NA	2022-01-12T21:56:01Z	2022-01-12	Lesbenfrühlingstreffen	Lesbenfrühlingstreffen
5418103	Removena	1367526	1561334900	1561334555	0	Q1428984	2022-01-12T21:55:23Z	NA	/* wbsetclaim-create:2||1 */ [[Property:P856]]: https://www.lesbenfruehling.de	"‎<span dir=""auto""><span class=""autocomment"">Created claim: </span></span> <a href=""/wiki/Property:P856"" title=""Property:P856"">Property:P856</a>: https://www.lesbenfruehling.de"	4512	369		NA	NA	2022-01-12T21:55:23Z	2022-01-12	Lesbenfrühlingstreffen	Lesbenfrühlingstreffen
5418103	Removena	1367526	1561334555	1561334127	0	Q1428984	2022-01-12T21:54:51Z	NA	/* wbsetclaim-create:2||1 */ [[Property:P101]]: [[Q17884]]	"‎<span dir=""auto""><span class=""autocomment"">Created claim: </span></span> <a href=""/wiki/Property:P101"" title=""Property:P101"">Property:P101</a>: <a href=""/wiki/Q17884"" title=""Q17884"">Q17884</a>"	4143	410		NA	NA	2022-01-12T21:54:51Z	2022-01-12	Lesbenfrühlingstreffen	Lesbenfrühlingstreffen
5418103	Removena	1367526	1561334127	1561330660	0	Q1428984	2022-01-12T21:53:57Z	NA	/* wbsetclaim-create:2||1 */ [[Property:P31]]: [[Q11483816]]	"‎<span dir=""auto""><span class=""autocomment"">Created claim: </span></span> <a href=""/wiki/Property:P31"" title=""Property:P31"">Property:P31</a>: <a href=""/wiki/Q11483816"" title=""Q11483816"">Q11483816</a>"	3733	415		NA	NA	2022-01-12T21:53:57Z	2022-01-12	Lesbenfrühlingstreffen	Lesbenfrühlingstreffen
5418103	Removena	1367526	1561330660	1561328596	0	Q1428984	2022-01-12T21:47:13Z	NA	/* wbsetclaim-create:2||1 */ [[Property:P2257]]: 1 year	"‎<span dir=""auto""><span class=""autocomment"">Created claim: </span></span> <a href=""/wiki/Property:P2257"" title=""Property:P2257"">Property:P2257</a>: 1 year"	3318	417		NA	NA	2022-01-12T21:47:13Z	2022-01-12	Lesbenfrühlingstreffen	Lesbenfrühlingstreffen
5418103	Removena	1367526	1561328596	1561328318	0	Q1428984	2022-01-12T21:43:45Z	NA	/* wbremoveclaims-remove:1| */ [[Property:P2257]]: 1 year	"‎<span dir=""auto""><span class=""autocomment"">Removed claim: </span></span> <a href=""/wiki/Property:P2257"" title=""Property:P2257"">Property:P2257</a>: 1 year"	2901	-417		NA	NA	2022-01-12T21:43:45Z	2022-01-12	Lesbenfrühlingstreffen	Lesbenfrühlingstreffen
5418103	Removena	1367526	1561328318	1561326785	0	Q1428984	2022-01-12T21:43:09Z	NA	/* wbsetclaim-create:2||1 */ [[Property:P2257]]: 1 year	"‎<span dir=""auto""><span class=""autocomment"">Created claim: </span></span> <a href=""/wiki/Property:P2257"" title=""Property:P2257"">Property:P2257</a>: 1 year"	3318	417		NA	NA	2022-01-12T21:43:09Z	2022-01-12	Lesbenfrühlingstreffen	Lesbenfrühlingstreffen
5418103	Removena	1367526	1561326785	1561325997	0	Q1428984	2022-01-12T21:40:30Z	NA	/* wbsetclaim-update:2||1 */ [[Property:P101]]: [[Q6649]]	"‎<span dir=""auto""><span class=""autocomment"">Changed claim: </span></span> <a href=""/wiki/Property:P101"" title=""Property:P101"">Property:P101</a>: <a href=""/wiki/Q6649"" title=""Q6649"">Q6649</a>"	2901	-2		NA	NA	2022-01-12T21:40:30Z	2022-01-12	Lesbenfrühlingstreffen	Lesbenfrühlingstreffen
5418103	Removena	1367526	1561325997	1561323430	0	Q1428984	2022-01-12T21:38:57Z	NA	/* wbsetclaim-create:2||1 */ [[Property:P101]]: [[Q17884]]	"‎<span dir=""auto""><span class=""autocomment"">Created claim: </span></span> <a href=""/wiki/Property:P101"" title=""Property:P101"">Property:P101</a>: <a href=""/wiki/Q17884"" title=""Q17884"">Q17884</a>"	2903	427		NA	NA	2022-01-12T21:38:57Z	2022-01-12	Lesbenfrühlingstreffen	Lesbenfrühlingstreffen
5418103	Removena	1367526	1561323430	1561323156	0	Q1428984	2022-01-12T21:34:00Z	NA	/* wbsetclaim-create:2||1 */ [[Property:P17]]: [[Q183]]	"‎<span dir=""auto""><span class=""autocomment"">Created claim: </span></span> <a href=""/wiki/Property:P17"" title=""Property:P17"">Property:P17</a>: <a href=""/wiki/Q183"" title=""Q183"">Q183</a>"	2476	421		NA	NA	2022-01-12T21:34:00Z	2022-01-12	Lesbenfrühlingstreffen	Lesbenfrühlingstreffen
5418103	Removena	1367526	1561323156	1561323026	0	Q1428984	2022-01-12T21:33:28Z	NA	/* wbsetclaim-create:2||1 */ [[Property:P571]]: 1974	"‎<span dir=""auto""><span class=""autocomment"">Created claim: </span></span> <a href=""/wiki/Property:P571"" title=""Property:P571"">Property:P571</a>: 1974"	2055	515		NA	NA	2022-01-12T21:33:28Z	2022-01-12	Lesbenfrühlingstreffen	Lesbenfrühlingstreffen
5418103	Removena	1367526	1561323026	1561322642	0	Q1428984	2022-01-12T21:33:15Z	NA	/* wbremoveclaims-remove:1| */ [[Property:P580]]: 1974	"‎<span dir=""auto""><span class=""autocomment"">Removed claim: </span></span> <a href=""/wiki/Property:P580"" title=""Property:P580"">Property:P580</a>: 1974"	1540	-515		NA	NA	2022-01-12T21:33:15Z	2022-01-12	Lesbenfrühlingstreffen	Lesbenfrühlingstreffen
5418103	Removena	1367526	1561322642	1561320060	0	Q1428984	2022-01-12T21:32:27Z	NA	/* wbsetclaim-create:2||1 */ [[Property:P580]]: 1974	"‎<span dir=""auto""><span class=""autocomment"">Created claim: </span></span> <a href=""/wiki/Property:P580"" title=""Property:P580"">Property:P580</a>: 1974"	2055	515		NA	NA	2022-01-12T21:32:27Z	2022-01-12	Lesbenfrühlingstreffen	Lesbenfrühlingstreffen
5418103	Removena	1367526	1561320060	1561319768	0	Q1428984	2022-01-12T21:27:34Z	NA	/* wbsetdescription-set:1|en */ a convention of lesbians in Germany	"‎<span dir=""auto""><span class=""autocomment"">Changed English description: </span></span> a convention of lesbians in Germany"	1540	3		NA	NA	2022-01-12T21:27:34Z	2022-01-12	Lesbenfrühlingstreffen	Lesbenfrühlingstreffen
5418103	Removena	1367526	1561319768	1561319760	0	Q1428984	2022-01-12T21:27:10Z	NA	/* wbsetdescription-add:1|en */ a meeting of lesbians in Germany	"‎<span dir=""auto""><span class=""autocomment"">Added [en] description: </span></span> a meeting of lesbians in Germany"	1537	91		NA	NA	2022-01-12T21:27:10Z	2022-01-12	Lesbenfrühlingstreffen	Lesbenfrühlingstreffen
5418103	Removena	1367526	1561319760	1561319488	0	Q1428984	2022-01-12T21:27:10Z	NA	/* wbsetdescription-set:1|de */ ein Treffen von Lesben in Deutschland	"‎<span dir=""auto""><span class=""autocomment"">Changed German description: </span></span> ein Treffen von Lesben in Deutschland"	1446	19		NA	NA	2022-01-12T21:27:10Z	2022-01-12	Lesbenfrühlingstreffen	Lesbenfrühlingstreffen
5418103	Removena	1367526	1561319488	1561319412	0	Q1428984	2022-01-12T21:26:48Z	NA	/* wbsetaliases-add:1|en */ LFT	"‎<span dir=""auto""><span class=""autocomment"">Added English alias: </span></span> LFT"	1427	71		NA	NA	2022-01-12T21:26:48Z	2022-01-12	Lesbenfrühlingstreffen	Lesbenfrühlingstreffen
5418103	Removena	1367526	1561319412	1561319404	0	Q1428984	2022-01-12T21:26:41Z	NA	/* wbsetlabel-set:1|en */ Lesbenfrühlingstreffen	"‎<span dir=""auto""><span class=""autocomment"">Changed English label: </span></span> Lesbenfrühlingstreffen"	1356	-2		NA	NA	2022-01-12T21:26:41Z	2022-01-12	Lesbenfrühlingstreffen	Lesbenfrühlingstreffen
5418103	Removena	1367526	1561319404	1561319161	0	Q1428984	2022-01-12T21:26:41Z	NA	/* wbsetlabel-set:1|de */ Lesbenfrühlingstreffen	"‎<span dir=""auto""><span class=""autocomment"">Changed German label: </span></span> Lesbenfrühlingstreffen"	1358	-2		NA	NA	2022-01-12T21:26:41Z	2022-01-12	Lesbenfrühlingstreffen	Lesbenfrühlingstreffen
5418103	Removena	1367526	1561319161	1561319038	0	Q1428984	2022-01-12T21:26:13Z	NA	/* wbsetlabel-add:1|en */ Lesben-Frühlings-Treffen	"‎<span dir=""auto""><span class=""autocomment"">Added [en] label: </span></span> Lesben-Frühlings-Treffen"	1360	84		NA	NA	2022-01-12T21:26:13Z	2022-01-12	Lesbenfrühlingstreffen	Lesbenfrühlingstreffen
5418103	Removena	1367526	1561319038	1561319034	0	Q1428984	2022-01-12T21:26:00Z	NA	/* wbsetaliases-add:1|de */ LFT	"‎<span dir=""auto""><span class=""autocomment"">Added German alias: </span></span> LFT"	1276	71		NA	NA	2022-01-12T21:26:00Z	2022-01-12	Lesbenfrühlingstreffen	Lesbenfrühlingstreffen
5418103	Removena	1367526	1561319034	1364123791	0	Q1428984	2022-01-12T21:25:59Z	NA	/* wbsetdescription-add:1|de */ Treffen von Lesben	"‎<span dir=""auto""><span class=""autocomment"">Added [de] description: </span></span> Treffen von Lesben"	1205	77		NA	NA	2022-01-12T21:25:59Z	2022-01-12	Lesbenfrühlingstreffen	Lesbenfrühlingstreffen
5418103	Removena	21439222	1561317806	1561317800	0	Q16943273	2022-01-12T21:23:40Z	NA	/* wbsetaliases-add:1|en */ world	"‎<span dir=""auto""><span class=""autocomment"">Added English alias: </span></span> world"	386	73		NA	NA	2022-01-12T21:23:40Z	2022-01-12	NA	NA
5418103	Removena	21439222	1561317800	1561317793	0	Q16943273	2022-01-12T21:23:39Z	NA	/* wbsetdescription-add:1|en */ third planet in the Solar System	"‎<span dir=""auto""><span class=""autocomment"">Added [en] description: </span></span> third planet in the Solar System"	313	91		NA	NA	2022-01-12T21:23:39Z	2022-01-12	NA	NA
5418103	Removena	21439222	1561317793	1561303274	0	Q16943273	2022-01-12T21:23:39Z	NA	/* wbsetlabel-add:1|en */ Earth	"‎<span dir=""auto""><span class=""autocomment"">Added [en] label: </span></span> Earth"	222	63		NA	NA	2022-01-12T21:23:39Z	2022-01-12	NA	NA
